[
  {
    "model": "contenttypes.contenttype",
    "pk": 1,
    "fields": {
      "app_label": "admin",
      "model": "logentry"
    }
  },
  {
    "model": "contenttypes.contenttype",
    "pk": 2,
    "fields": {
      "app_label": "auth",
      "model": "permission"
    }
  },
  {
    "model": "contenttypes.contenttype",
    "pk": 3,
    "fields": {
      "app_label": "auth",
      "model": "group"
    }
  },
  {
    "model": "contenttypes.contenttype",
    "pk": 4,
    "fields": {
      "app_label": "auth",
      "model": "user"
    }
  },
  {
    "model": "contenttypes.contenttype",
    "pk": 5,
    "fields": {
      "app_label": "contenttypes",
      "model": "contenttype"
    }
  },
  {
    "model": "contenttypes.contenttype",
    "pk": 6,
    "fields": {
      "app_label": "sessions",
      "model": "session"
    }
  },
  {
    "model": "contenttypes.contenttype",
    "pk": 7,
    "fields": {
      "app_label": "market",
      "model": "category"
    }
  },
  {
    "model": "contenttypes.contenttype",
    "pk": 8,
    "fields": {
      "app_label": "market",
      "model": "customer"
    }
  },
  {
    "model": "contenttypes.contenttype",
    "pk": 9,
    "fields": {
      "app_label": "market",
      "model": "order"
    }
  },
  {
    "model": "contenttypes.contenttype",
    "pk": 10,
    "fields": {
      "app_label": "market",
      "model": "product"
    }
  },
  {
    "model": "contenttypes.contenttype",
    "pk": 11,
    "fields": {
      "app_label": "market",
      "model": "section"
    }
  },
  {
    "model": "contenttypes.contenttype",
    "pk": 12,
    "fields": {
      "app_label": "market",
      "model": "productsinorder"
    }
  },
  {
    "model": "contenttypes.contenttype",
    "pk": 13,
    "fields": {
      "app_label": "market",
      "model": "article"
    }
  },
  {
    "model": "sessions.session",
    "pk": "6hi8ssk77k1xx6bdrk30ip0jpmwoajoa",
    "fields": {
      "session_data": "YjlmYWIwZTU4ZDY4YzUwZDViNmYwOWM2Mzk4YmFiZjk2ZWUwNTI5NTp7Il9hdXRoX3VzZXJfaWQiOiIxIiwiX2F1dGhfdXNlcl9iYWNrZW5kIjoiZGphbmdvLmNvbnRyaWIuYXV0aC5iYWNrZW5kcy5Nb2RlbEJhY2tlbmQiLCJfYXV0aF91c2VyX2hhc2giOiJkYzE0NTRjMWJkZGRmMTk2ZTkyMTc1YzU5ZjM0YWJkNGE3MDRiM2JiIn0=",
      "expire_date": "2020-08-27T19:59:18.804Z"
    }
  },
  {
    "model": "sessions.session",
    "pk": "7zkbkk36l2swiac76h804yd6v0bhfa7z",
    "fields": {
      "session_data": "MGE2MTFjZjU2MmMxYzU2MWRkN2NhMWMyMmFhNDJjZDIwNjk2MzJhYTp7Il9hdXRoX3VzZXJfaWQiOiIzIiwiX2F1dGhfdXNlcl9iYWNrZW5kIjoiZGphbmdvLmNvbnRyaWIuYXV0aC5iYWNrZW5kcy5Nb2RlbEJhY2tlbmQiLCJfYXV0aF91c2VyX2hhc2giOiJiZDdhODczODJiNWQ2NjlmY2I2NjJlMjU4YjA5YWNhNzgyYjI0MDY1IiwiY2FydCI6e319",
      "expire_date": "2020-08-25T06:30:14.376Z"
    }
  },
  {
    "model": "sessions.session",
    "pk": "acpma5oufa4ynclrda5dl39asg1tnbek",
    "fields": {
      "session_data": "YjlmYWIwZTU4ZDY4YzUwZDViNmYwOWM2Mzk4YmFiZjk2ZWUwNTI5NTp7Il9hdXRoX3VzZXJfaWQiOiIxIiwiX2F1dGhfdXNlcl9iYWNrZW5kIjoiZGphbmdvLmNvbnRyaWIuYXV0aC5iYWNrZW5kcy5Nb2RlbEJhY2tlbmQiLCJfYXV0aF91c2VyX2hhc2giOiJkYzE0NTRjMWJkZGRmMTk2ZTkyMTc1YzU5ZjM0YWJkNGE3MDRiM2JiIn0=",
      "expire_date": "2020-07-26T08:59:55.281Z"
    }
  },
  {
    "model": "sessions.session",
    "pk": "bxnfbjj57axi4ylsmaejfe7rdxn67g84",
    "fields": {
      "session_data": "YjlmYWIwZTU4ZDY4YzUwZDViNmYwOWM2Mzk4YmFiZjk2ZWUwNTI5NTp7Il9hdXRoX3VzZXJfaWQiOiIxIiwiX2F1dGhfdXNlcl9iYWNrZW5kIjoiZGphbmdvLmNvbnRyaWIuYXV0aC5iYWNrZW5kcy5Nb2RlbEJhY2tlbmQiLCJfYXV0aF91c2VyX2hhc2giOiJkYzE0NTRjMWJkZGRmMTk2ZTkyMTc1YzU5ZjM0YWJkNGE3MDRiM2JiIn0=",
      "expire_date": "2020-08-13T17:48:41.801Z"
    }
  },
  {
    "model": "sessions.session",
    "pk": "cnxt46quesl38c84n0jxwu8v3tigr73w",
    "fields": {
      "session_data": "YjlmYWIwZTU4ZDY4YzUwZDViNmYwOWM2Mzk4YmFiZjk2ZWUwNTI5NTp7Il9hdXRoX3VzZXJfaWQiOiIxIiwiX2F1dGhfdXNlcl9iYWNrZW5kIjoiZGphbmdvLmNvbnRyaWIuYXV0aC5iYWNrZW5kcy5Nb2RlbEJhY2tlbmQiLCJfYXV0aF91c2VyX2hhc2giOiJkYzE0NTRjMWJkZGRmMTk2ZTkyMTc1YzU5ZjM0YWJkNGE3MDRiM2JiIn0=",
      "expire_date": "2020-08-04T18:46:09.922Z"
    }
  },
  {
    "model": "sessions.session",
    "pk": "gkba9y7t04k8yz35imwx0rrsbnkyhu18",
    "fields": {
      "session_data": "YjlmYWIwZTU4ZDY4YzUwZDViNmYwOWM2Mzk4YmFiZjk2ZWUwNTI5NTp7Il9hdXRoX3VzZXJfaWQiOiIxIiwiX2F1dGhfdXNlcl9iYWNrZW5kIjoiZGphbmdvLmNvbnRyaWIuYXV0aC5iYWNrZW5kcy5Nb2RlbEJhY2tlbmQiLCJfYXV0aF91c2VyX2hhc2giOiJkYzE0NTRjMWJkZGRmMTk2ZTkyMTc1YzU5ZjM0YWJkNGE3MDRiM2JiIn0=",
      "expire_date": "2020-07-22T21:19:48.416Z"
    }
  },
  {
    "model": "sessions.session",
    "pk": "igyijtyjuo06w2x4c0v7z6uudxqnvlkw",
    "fields": {
      "session_data": "YjlmYWIwZTU4ZDY4YzUwZDViNmYwOWM2Mzk4YmFiZjk2ZWUwNTI5NTp7Il9hdXRoX3VzZXJfaWQiOiIxIiwiX2F1dGhfdXNlcl9iYWNrZW5kIjoiZGphbmdvLmNvbnRyaWIuYXV0aC5iYWNrZW5kcy5Nb2RlbEJhY2tlbmQiLCJfYXV0aF91c2VyX2hhc2giOiJkYzE0NTRjMWJkZGRmMTk2ZTkyMTc1YzU5ZjM0YWJkNGE3MDRiM2JiIn0=",
      "expire_date": "2020-08-25T06:30:36.348Z"
    }
  },
  {
    "model": "sessions.session",
    "pk": "j9xqqbt7icwp8y310pb1167kfgk0kiem",
    "fields": {
      "session_data": "YjlmYWIwZTU4ZDY4YzUwZDViNmYwOWM2Mzk4YmFiZjk2ZWUwNTI5NTp7Il9hdXRoX3VzZXJfaWQiOiIxIiwiX2F1dGhfdXNlcl9iYWNrZW5kIjoiZGphbmdvLmNvbnRyaWIuYXV0aC5iYWNrZW5kcy5Nb2RlbEJhY2tlbmQiLCJfYXV0aF91c2VyX2hhc2giOiJkYzE0NTRjMWJkZGRmMTk2ZTkyMTc1YzU5ZjM0YWJkNGE3MDRiM2JiIn0=",
      "expire_date": "2020-07-26T08:51:31.657Z"
    }
  },
  {
    "model": "sessions.session",
    "pk": "lpziyae1c8olbw1dp011ov4a99y56a9a",
    "fields": {
      "session_data": "YjlmYWIwZTU4ZDY4YzUwZDViNmYwOWM2Mzk4YmFiZjk2ZWUwNTI5NTp7Il9hdXRoX3VzZXJfaWQiOiIxIiwiX2F1dGhfdXNlcl9iYWNrZW5kIjoiZGphbmdvLmNvbnRyaWIuYXV0aC5iYWNrZW5kcy5Nb2RlbEJhY2tlbmQiLCJfYXV0aF91c2VyX2hhc2giOiJkYzE0NTRjMWJkZGRmMTk2ZTkyMTc1YzU5ZjM0YWJkNGE3MDRiM2JiIn0=",
      "expire_date": "2020-07-28T20:50:19.769Z"
    }
  },
  {
    "model": "sessions.session",
    "pk": "lyekh1a8tdfg03ag8if1ffthq4x86mmo",
    "fields": {
      "session_data": "YjlmYWIwZTU4ZDY4YzUwZDViNmYwOWM2Mzk4YmFiZjk2ZWUwNTI5NTp7Il9hdXRoX3VzZXJfaWQiOiIxIiwiX2F1dGhfdXNlcl9iYWNrZW5kIjoiZGphbmdvLmNvbnRyaWIuYXV0aC5iYWNrZW5kcy5Nb2RlbEJhY2tlbmQiLCJfYXV0aF91c2VyX2hhc2giOiJkYzE0NTRjMWJkZGRmMTk2ZTkyMTc1YzU5ZjM0YWJkNGE3MDRiM2JiIn0=",
      "expire_date": "2020-07-28T20:36:38.081Z"
    }
  },
  {
    "model": "sessions.session",
    "pk": "qkqrittr1cp748hvbm8pwupu8y09ofne",
    "fields": {
      "session_data": "YjlmYWIwZTU4ZDY4YzUwZDViNmYwOWM2Mzk4YmFiZjk2ZWUwNTI5NTp7Il9hdXRoX3VzZXJfaWQiOiIxIiwiX2F1dGhfdXNlcl9iYWNrZW5kIjoiZGphbmdvLmNvbnRyaWIuYXV0aC5iYWNrZW5kcy5Nb2RlbEJhY2tlbmQiLCJfYXV0aF91c2VyX2hhc2giOiJkYzE0NTRjMWJkZGRmMTk2ZTkyMTc1YzU5ZjM0YWJkNGE3MDRiM2JiIn0=",
      "expire_date": "2020-08-12T16:37:37.248Z"
    }
  },
  {
    "model": "sessions.session",
    "pk": "s38d2palckwr5dwi395lztib9rsfpcnp",
    "fields": {
      "session_data": "YWZlYzlhZmU4Y2U4ZGJlNjNkZGU4NWJkZTdlYjRhYWRlNDU5OWJhZjp7Il9hdXRoX3VzZXJfaWQiOiI2IiwiX2F1dGhfdXNlcl9iYWNrZW5kIjoiZGphbmdvLmNvbnRyaWIuYXV0aC5iYWNrZW5kcy5Nb2RlbEJhY2tlbmQiLCJfYXV0aF91c2VyX2hhc2giOiIzNGJmMjllNzExNWRhMGRmYmU0YWZmOTFhM2FkY2U1ZDYwNGJiMmQ0IiwiY2FydCI6e319",
      "expire_date": "2020-08-27T19:43:57.229Z"
    }
  },
  {
    "model": "sessions.session",
    "pk": "swydfvmpggb1uys0iekjvmhs62t3ds73",
    "fields": {
      "session_data": "YjlmYWIwZTU4ZDY4YzUwZDViNmYwOWM2Mzk4YmFiZjk2ZWUwNTI5NTp7Il9hdXRoX3VzZXJfaWQiOiIxIiwiX2F1dGhfdXNlcl9iYWNrZW5kIjoiZGphbmdvLmNvbnRyaWIuYXV0aC5iYWNrZW5kcy5Nb2RlbEJhY2tlbmQiLCJfYXV0aF91c2VyX2hhc2giOiJkYzE0NTRjMWJkZGRmMTk2ZTkyMTc1YzU5ZjM0YWJkNGE3MDRiM2JiIn0=",
      "expire_date": "2020-07-26T09:03:14.667Z"
    }
  },
  {
    "model": "sessions.session",
    "pk": "tkf3sa1v8ejwzsksztdec4h9xolp9ny7",
    "fields": {
      "session_data": "YjlmYWIwZTU4ZDY4YzUwZDViNmYwOWM2Mzk4YmFiZjk2ZWUwNTI5NTp7Il9hdXRoX3VzZXJfaWQiOiIxIiwiX2F1dGhfdXNlcl9iYWNrZW5kIjoiZGphbmdvLmNvbnRyaWIuYXV0aC5iYWNrZW5kcy5Nb2RlbEJhY2tlbmQiLCJfYXV0aF91c2VyX2hhc2giOiJkYzE0NTRjMWJkZGRmMTk2ZTkyMTc1YzU5ZjM0YWJkNGE3MDRiM2JiIn0=",
      "expire_date": "2020-08-27T18:43:35.241Z"
    }
  },
  {
    "model": "sessions.session",
    "pk": "upuz3b69vomzhkhkrjgmd2859mu4ttp7",
    "fields": {
      "session_data": "YjlmYWIwZTU4ZDY4YzUwZDViNmYwOWM2Mzk4YmFiZjk2ZWUwNTI5NTp7Il9hdXRoX3VzZXJfaWQiOiIxIiwiX2F1dGhfdXNlcl9iYWNrZW5kIjoiZGphbmdvLmNvbnRyaWIuYXV0aC5iYWNrZW5kcy5Nb2RlbEJhY2tlbmQiLCJfYXV0aF91c2VyX2hhc2giOiJkYzE0NTRjMWJkZGRmMTk2ZTkyMTc1YzU5ZjM0YWJkNGE3MDRiM2JiIn0=",
      "expire_date": "2020-07-28T20:38:10.238Z"
    }
  },
  {
    "model": "sessions.session",
    "pk": "xd0sm47crwv4u93v3s5hpq3sbbsk1g2c",
    "fields": {
      "session_data": "YjlmYWIwZTU4ZDY4YzUwZDViNmYwOWM2Mzk4YmFiZjk2ZWUwNTI5NTp7Il9hdXRoX3VzZXJfaWQiOiIxIiwiX2F1dGhfdXNlcl9iYWNrZW5kIjoiZGphbmdvLmNvbnRyaWIuYXV0aC5iYWNrZW5kcy5Nb2RlbEJhY2tlbmQiLCJfYXV0aF91c2VyX2hhc2giOiJkYzE0NTRjMWJkZGRmMTk2ZTkyMTc1YzU5ZjM0YWJkNGE3MDRiM2JiIn0=",
      "expire_date": "2020-07-26T09:04:57.803Z"
    }
  },
  {
    "model": "sessions.session",
    "pk": "y8g3tidafw9kmhp2gwvie71udikridbr",
    "fields": {
      "session_data": "YjlmYWIwZTU4ZDY4YzUwZDViNmYwOWM2Mzk4YmFiZjk2ZWUwNTI5NTp7Il9hdXRoX3VzZXJfaWQiOiIxIiwiX2F1dGhfdXNlcl9iYWNrZW5kIjoiZGphbmdvLmNvbnRyaWIuYXV0aC5iYWNrZW5kcy5Nb2RlbEJhY2tlbmQiLCJfYXV0aF91c2VyX2hhc2giOiJkYzE0NTRjMWJkZGRmMTk2ZTkyMTc1YzU5ZjM0YWJkNGE3MDRiM2JiIn0=",
      "expire_date": "2020-08-27T18:48:55.589Z"
    }
  },
  {
    "model": "market.section",
    "pk": 1,
    "fields": {
      "name": "\u044d\u043b\u0435\u043a\u0442\u0440\u043e\u043d\u0438\u043a\u0430",
      "slug": "elektronika"
    }
  },
  {
    "model": "market.section",
    "pk": 2,
    "fields": {
      "name": "COVID-19",
      "slug": "covid-19"
    }
  },
  {
    "model": "market.section",
    "pk": 3,
    "fields": {
      "name": "\u0434\u0435\u0442\u0441\u043a\u0438\u0435 \u0442\u043e\u0432\u0430\u0440\u044b",
      "slug": "detskiye_tovary"
    }
  },
  {
    "model": "market.category",
    "pk": 1,
    "fields": {
      "name": "\u043d\u043e\u0443\u0442\u0431\u0443\u043a\u0438",
      "section": 1,
      "slug": "notebooks"
    }
  },
  {
    "model": "market.category",
    "pk": 2,
    "fields": {
      "name": "\u0441\u043c\u0430\u0440\u0442\u0444\u043e\u043d\u044b",
      "section": 1,
      "slug": "smartphones"
    }
  },
  {
    "model": "market.category",
    "pk": 3,
    "fields": {
      "name": "\u0433\u0430\u0434\u0436\u0435\u0442\u044b",
      "section": 1,
      "slug": "gadjets"
    }
  },
  {
    "model": "market.category",
    "pk": 4,
    "fields": {
      "name": "\u0441\u0435\u0442\u0435\u0432\u043e\u0435 \u043e\u0431\u043e\u0440\u0443\u0434\u043e\u0432\u0430\u043d\u0438\u0435",
      "section": 1,
      "slug": "networks"
    }
  },
  {
    "model": "market.category",
    "pk": 5,
    "fields": {
      "name": "\u0430\u043a\u0443\u0441\u0442\u0438\u043a\u0430",
      "section": 1,
      "slug": "acustic"
    }
  },
  {
    "model": "market.category",
    "pk": 6,
    "fields": {
      "name": "\u0441\u0430\u043d\u0438\u0442\u0430\u0439\u0437\u0435\u0440\u044b",
      "section": 2,
      "slug": "sanityzers"
    }
  },
  {
    "model": "market.category",
    "pk": 7,
    "fields": {
      "name": "\u043c\u0430\u0441\u043a\u0438",
      "section": 2,
      "slug": "ilon_masks"
    }
  },
  {
    "model": "market.category",
    "pk": 8,
    "fields": {
      "name": "\u043a\u043e\u043d\u0441\u0442\u0440\u0443\u043a\u0442\u043e\u0440\u044b",
      "section": 3,
      "slug": "constructors"
    }
  },
  {
    "model": "market.category",
    "pk": 9,
    "fields": {
      "name": "\u043a\u0443\u043a\u043b\u044b",
      "section": 3,
      "slug": "dolls"
    }
  },
  {
    "model": "shop.product",
    "pk": 1,
    "fields": {
      "name": "\u0421\u043c\u0430\u0440\u0442\u0444\u043e\u043d HONOR 20 6/128GB",
      "price": "24990.00",
      "product_number": 100500,
      "img": "media/img/honor20.jpg",
      "category": 2,
      "slug": "honor20",
      "description": "\u041e\u0441\u043d\u043e\u0432\u043d\u0430\u044f \u043a\u0430\u043c\u0435\u0440\u0430 48 \u041c\u041f \u0441 \u0447\u0435\u0442\u044b\u0440\u044c\u043c\u044f \u043e\u0431\u044a\u0435\u043a\u0442\u0438\u0432\u0430\u043c\u0438 \u0438 \u0438\u0441\u043a\u0443\u0441\u0441\u0442\u0432\u0435\u043d\u043d\u044b\u043c \u0438\u043d\u0442\u0435\u043b\u043b\u0435\u043a\u0442\u043e\u043c \u0424\u0440\u043e\u043d\u0442\u0430\u043b\u044c\u043d\u0430\u044f \u043a\u0430\u043c\u0435\u0440\u0430 32 \u041c\u041f, \u0434\u0438\u0430\u0444\u0440\u0430\u0433\u043c\u0430 F/2.0 6 \u0413\u0411 RAM + 128 \u0413\u0411 ROM 8-\u044f\u0434\u0435\u0440\u043d\u044b\u0439 \u043f\u0440\u043e\u0446\u0435\u0441\u0441\u043e\u0440 Kirin 980 \u0411\u0435\u0437\u0440\u0430\u043c\u043e\u0447\u043d\u044b\u0439 \u044d\u043a\u0440\u0430\u043d 6,26 \u0434\u044e\u0439\u043c\u0430 NFC"
    }
  },
  {
    "model": "shop.product",
    "pk": 2,
    "fields": {
      "name": "\u0421\u043c\u0430\u0440\u0442\u0444\u043e\u043d HONOR 20 Pro 8/256GB",
      "price": "29990.00",
      "product_number": 100501,
      "img": "media/img/honor20pro.jpg",
      "category": 2,
      "slug": "honor20pro",
      "description": "\u041e\u0441\u043d\u043e\u0432\u043d\u0430\u044f \u043a\u0430\u043c\u0435\u0440\u0430 48 \u041c\u041f, \u0434\u0438\u0430\u0444\u0440\u0430\u0433\u043c\u0430 F/1.4 \u0414\u0432\u043e\u0439\u043d\u0430\u044f \u043e\u043f\u0442\u0438\u0447\u0435\u0441\u043a\u0430\u044f \u0441\u0442\u0430\u0431\u0438\u043b\u0438\u0437\u0430\u0446\u0438\u044f \u043f\u043e 4 \u043e\u0441\u044f\u043c \u0424\u0440\u043e\u043d\u0442\u0430\u043b\u044c\u043d\u0430\u044f \u043a\u0430\u043c\u0435\u0440\u0430 32 \u041c\u041f, \u0434\u0438\u0430\u0444\u0440\u0430\u0433\u043c\u0430 F/2.0 30-\u043a\u0440\u0430\u0442\u043d\u044b\u0439 \u0446\u0438\u0444\u0440\u043e\u0432\u043e\u0439 \u0437\u0443\u043c \u0438 \u0441\u0435\u043d\u0441\u043e\u0440 Sony 1/2 \u0434\u044e\u0439\u043c\u0430 \u041f\u043e\u0440\u0442\u0440\u0435\u0442\u043d\u044b\u0439 \u0440\u0435\u0436\u0438\u043c \u0441 \u044d\u0444\u0444\u0435\u043a\u0442\u043e\u043c \u0431\u043e\u043a\u0435 \u0411\u0435\u0437\u0440\u0430\u043c\u043e\u0447\u043d\u044b\u0439 \u044d\u043a\u0440\u0430\u043d 6,26 \u0434\u044e\u0439\u043c\u0430 7-\u043d\u043c \u043f\u0440\u043e\u0446\u0435\u0441\u0441\u043e\u0440 Kirin 980 8 \u0413\u0411 RAM + 256 \u0413\u0411 ROM \u0411\u0430\u0442\u0430\u0440\u0435\u044f 4000 \u043c\u0410*\u0447"
    }
  },
  {
    "model": "shop.product",
    "pk": 3,
    "fields": {
      "name": "Xiaomi Mi TV Stick",
      "price": "4000.00",
      "product_number": 1011,
      "img": "media/img/Mi_TV_Stick_4W5AuUy.jpg",
      "category": 3,
      "slug": "mi_tv_stick",
      "description": "\u0414\u043b\u044f \u0443\u0441\u0442\u0440\u043e\u0439\u0441\u0442\u0432\u0430 Mi TV Stick \u0437\u0430\u044f\u0432\u043b\u0435\u043d\u044b \u0447\u0435\u0442\u044b\u0440\u0451\u0445\u044a\u044f\u0434\u0435\u0440\u043d\u044b\u0439 \u043f\u0440\u043e\u0446\u0435\u0441\u0441\u043e\u0440 \u043d\u0430 \u0431\u0430\u0437\u0435 ARM Cortex-A53 \u0438 GPU Mali-450, 1 \u0413\u0431\u0430\u0439\u0442 \u041e\u0417\u0423 \u0438 8 \u0413\u0431\u0430\u0439\u0442 \u0444\u043b\u0435\u0448-\u043f\u0430\u043c\u044f\u0442\u0438, \u0430 \u0442\u0430\u043a\u0436\u0435 \u043e\u043f\u0435\u0440\u0430\u0446\u0438\u043e\u043d\u043d\u0430\u044f \u0441\u0438\u0441\u0442\u0435\u043c\u0430 Android TV 9.0. \u041d\u043e\u0432\u0438\u043d\u043a\u0430 \u0438\u0434\u0451\u0442 \u0432 \u043a\u043e\u043c\u043f\u043b\u0435\u043a\u0442\u0435 \u0441 \u043f\u0443\u043b\u044c\u0442\u043e\u043c \u0443\u043f\u0440\u0430\u0432\u043b\u0435\u043d\u0438\u044f Mi Voice Remote, \u043d\u0430 \u043a\u043e\u0442\u043e\u0440\u043e\u043c \u043f\u0440\u0435\u0434\u0443\u0441\u043c\u043e\u0442\u0440\u0435\u043b\u0438 \u043e\u0442\u0434\u0435\u043b\u044c\u043d\u044b\u0435 \u043a\u043b\u0430\u0432\u0438\u0448\u0438 \u0441\u0442\u0440\u0438\u043c\u0438\u043d\u0433\u043e\u0432\u044b\u0445 \u0441\u0435\u0440\u0432\u0438\u0441\u043e\u0432 Netflix \u0438 Amazon Prime. \u0414\u043b\u044f \u0431\u043e\u043b\u0435\u0435 \u043b\u0451\u0433\u043a\u043e\u0433\u043e \u043f\u043e\u0438\u0441\u043a\u0430 \u043d\u0443\u0436\u043d\u043e\u0433\u043e \u043a\u043e\u043d\u0442\u0435\u043d\u0442\u0430 \u043f\u0440\u0435\u0434\u0443\u0441\u043c\u043e\u0442\u0440\u0435\u043d\u043e \u043d\u0430\u043b\u0438\u0447\u0438\u0435 \u0433\u043e\u043b\u043e\u0441\u043e\u0432\u043e\u0433\u043e \u0430\u0441\u0441\u0438\u0441\u0442\u0435\u043d\u0442\u0430. \u041f\u043e\u0441\u043a\u043e\u043b\u044c\u043a\u0443 \u043f\u0440\u0438\u0441\u0442\u0430\u0432\u043a\u0430 Mi TV Stick \u0438\u043c\u0435\u0435\u0442 \u043f\u043e\u0434\u0434\u0435\u0440\u0436\u043a\u0443 Google Play, \u043d\u0430 \u043d\u0435\u0451 \u043c\u043e\u0436\u043d\u043e \u0443\u0441\u0442\u0430\u043d\u043e\u0432\u0438\u0442\u044c \u0434\u043e\u043f\u043e\u043b\u043d\u0438"
    }
  },
  {
    "model": "shop.product",
    "pk": 4,
    "fields": {
      "name": "Xiaomi Mi Robot Vacuum-Mop",
      "price": "46000.00",
      "product_number": 1012,
      "img": "media/img/Xiaomi_Mi_Robot_Vacuum.jpg",
      "category": 3,
      "slug": "Xiaomi_Mi_Robot_Vacuum_Mop",
      "description": "Mi Robot Vacuum-Mop \u043f\u044b\u043b\u0435\u0441\u043e\u0441\u0438\u0442 \u0438 \u0434\u0435\u043b\u0430\u0435\u0442 \u0432\u043b\u0430\u0436\u043d\u0443\u044e \u0443\u0431\u043e\u0440\u043a\u0443, \u043f\u0440\u0438\u0447\u0451\u043c \u0442\u0430\u043a \u0447\u0430\u0441\u0442\u043e, \u043a\u0430\u043a \u0432\u044b \u0435\u043c\u0443 \u0441\u043a\u0430\u0436\u0435\u0442\u0435. \u041e\u043d \u0441\u0442\u0440\u043e\u0438\u0442 \u043a\u0430\u0440\u0442\u0443 \u043a\u0432\u0430\u0440\u0442\u0438\u0440\u044b, \u0437\u0430\u0442\u0435\u043c \u0443\u0431\u0438\u0440\u0430\u0435\u0442 \u0435\u0451 \u0432\u0441\u044e \u0438\u043b\u0438 \u0442\u043e\u043b\u044c\u043a\u043e \u0443\u043a\u0430\u0437\u0430\u043d\u043d\u0443\u044e \u0447\u0430\u0441\u0442\u044c. \u0420\u043e\u0431\u043e\u0442 \u0443\u043c\u0435\u0435\u0442 \u043e\u0431\u0445\u043e\u0434\u0438\u0442\u044c \u0437\u043e\u043d\u044b, \u043e\u0442\u043c\u0435\u0447\u0435\u043d\u043d\u044b\u0435 \u043f\u043e\u043b\u044c\u0437\u043e\u0432\u0430\u0442\u0435\u043b\u0435\u043c \u043a\u0430\u043a \u0437\u0430\u043f\u0440\u0435\u0442\u043d\u044b\u0435. \u041d\u0430\u0432\u043e\u0434\u0438\u0442 \u043b\u043e\u0441\u043a \u043e\u043d \u043f\u043e \u043d\u0430\u0436\u0430\u0442\u0438\u044e \u043a\u043d\u043e\u043f\u043a\u0438 \u043b\u0438\u0431\u043e \u043f\u043e \u0440\u0430\u0441\u043f\u0438\u0441\u0430\u043d\u0438\u044e, \u0432 \u043d\u0430\u0437\u043d\u0430\u0447\u0435\u043d\u043d\u044b\u0439 \u0434\u0435\u043d\u044c \u0438 \u0447\u0430\u0441. \u0417\u0430\u043a\u043e\u043d\u0447\u0438\u0432 \u0443\u0431\u043e\u0440\u043a\u0443, \u0432\u043e\u0437\u0432\u0440\u0430\u0449\u0430\u0435\u0442\u0441\u044f \u043d\u0430 \u0431\u0430\u0437\u0443 \u0434\u043b\u044f \u043f\u043e\u0434\u0437\u0430\u0440\u044f\u0434\u043a\u0438.  \u041e\u0442 \u0432\u043b\u0430\u0434\u0435\u043b\u044c\u0446\u0430 \u0442\u0440\u0435\u0431\u0443\u0435\u0442\u0441\u044f \u043f\u0435\u0440\u0435\u0434 \u0443\u0431\u043e\u0440\u043a\u043e\u0439 \u043f\u043e\u0434\u043e\u0431\u0440\u0430\u0442\u044c \u0441 \u043f\u043e\u043b\u0430 \u0440\u0430\u0441\u043a\u0438\u0434\u0430\u043d\u043d\u044b\u0435 \u0432\u0435\u0449\u0438 \u0438 \u043f\u043e\u0434\u043d\u044f\u0442\u044c \u0441\u0442\u0443\u043b\u044c\u044f. \u0410\u0445 \u0434\u0430, \u0435\u0449\u0451 \u0440\u0430\u0437 \u0432 \u043d\u0435\u0441\u043a\u043e\u043b\u044c\u043a\u043e \u0434\u043d\u0435\u0439 \u043d\u0443\u0436\u043d\u043e \u0432\u044b\u0442\u0440\u044f\u0445\u0438\u0432\u0430\u0442\u044c \u043c\u0443\u0441"
    }
  },
  {
    "model": "shop.product",
    "pk": 5,
    "fields": {
      "name": "\u041c\u0430\u0441\u043a\u0430 \u043c\u0435\u0434\u0438\u0446\u0438\u043d\u0441\u043a\u0430\u044f \u043e\u0434\u043d\u043e\u0440\u0430\u0437\u043e\u0432\u0430\u044f 3-\u0445 \u0441\u043b\u043e\u0439\u043d\u0430\u044f",
      "price": "30.00",
      "product_number": 21,
      "img": "media/img/med_mask.jpeg",
      "category": 7,
      "slug": "med_masks",
      "description": "2020-07-30 17:47:29.945781+00:00"
    }
  },
  {
    "model": "shop.product",
    "pk": 6,
    "fields": {
      "name": "Compliment \u0421\u0430\u043d\u0438\u0442\u0430\u0439\u0437\u0435\u0440 \u0434\u043b\u044f \u0440\u0443\u043a \u0423\u043d\u0438\u0432\u0435\u0440\u0441\u0430\u043b\u044c\u043d\u044b\u0439, 200 \u043c\u043b",
      "price": "410.00",
      "product_number": 22,
      "img": "media/img/sanityzer.jpeg",
      "category": 6,
      "slug": "sanityzer200",
      "description": "\u0423\u043d\u0438\u0432\u0435\u0440\u0441\u0430\u043b\u044c\u043d\u044b\u0439 \u0441\u0430\u043d\u0438\u0442\u0430\u0439\u0437\u0435\u0440 \u0434\u043b\u044f \u0440\u0443\u043a \u043e\u0442 \u0421ompliment \u043e\u0431\u043b\u0430\u0434\u0430\u0435\u0442 \u0432\u044b\u0441\u043e\u043a\u043e\u0439 \u0430\u043d\u0442\u0438\u043c\u0438\u043a\u0440\u043e\u0431\u043d\u043e\u0439 \u0430\u043a\u0442\u0438\u0432\u043d\u043e\u0441\u0442\u044c\u044e, \u043e\u0431\u0435\u0441\u043f\u0435\u0447\u0438\u0432\u0430\u044f \u043f\u0440\u043e\u043b\u043e\u043d\u0433\u0438\u0440\u043e\u0432\u0430\u043d\u043d\u044b\u0439 \u0434\u0435\u0437\u0438\u043d\u0444\u0438\u0446\u0438\u0440\u0443\u044e\u0449\u0438\u0439 \u044d\u0444\u0444\u0435\u043a\u0442. \u0411\u043b\u0430\u0433\u043e\u0434\u0430\u0440\u044f \u0432\u044b\u0441\u043e\u043a\u043e\u0439 \u043a\u043e\u043d\u0446\u0435\u043d\u0442\u0440\u0430\u0446\u0438\u0438 \u0430\u043a\u0442\u0438\u0432\u043d\u044b\u0445 \u0438\u043d\u0433\u0440\u0435\u0434\u0438\u0435\u043d\u0442\u043e\u0432, \u0441\u0440\u0435\u0434\u0441\u0442\u0432\u043e \u044d\u0444\u0444\u0435\u043a\u0442\u0438\u0432\u043d\u043e \u0432 \u0431\u043e\u0440\u044c\u0431\u0435 \u0441 \u043d\u0430\u0438\u0431\u043e\u043b\u0435\u0435 \u0440\u0430\u0441\u043f\u0440\u043e\u0441\u0442\u0440\u0430\u043d\u0435\u043d\u043d\u044b\u043c\u0438 \u0432\u0438\u0434\u0430\u043c\u0438 \u0431\u0430\u043a\u0442\u0435\u0440\u0438\u0439, \u043c\u0438\u043a\u0440\u043e\u0431\u043e\u0432 \u0438 \u0432\u0438\u0440\u0443\u0441\u043e\u0432.  \u0414\u043b\u044f \u0438\u0441\u043f\u043e\u043b\u044c\u0437\u043e\u0432\u0430\u043d\u0438\u044f \u0441\u0430\u043d\u0438\u0442\u0430\u0439\u0437\u0435\u0440\u0430 \u043d\u0435 \u0442\u0440\u0435\u0431\u0443\u0435\u0442\u0441\u044f \u043d\u0430\u043b\u0438\u0447\u0438\u0435 \u0432\u043e\u0434\u044b, \u043c\u044b\u043b\u0430 \u0438\u043b\u0438 \u0441\u0430\u043b\u0444\u0435\u0442\u043a\u0438, \u0438\u0434\u0435\u0430\u043b\u044c\u043d\u043e \u043f\u043e\u0434\u0434\u0435\u0440\u0436\u0438\u0432\u0430\u0435\u0442 \u0433\u0438\u0433\u0438\u0435\u043d\u0443 \u0440\u0443\u043a \u0432 \u043b\u044e\u0431\u044b\u0445 \u0441\u0438\u0442\u0443\u0430\u0446\u0438\u044f\u0445.  \u041f\u043e\u0434\u0445\u043e\u0434\u0438\u0442 \u0434\u043b\u044f \u043e\u0431\u0440\u0430\u0431\u043e\u0442\u043a\u0438 \u043b\u044e\u0431\u044b\u0445 \u043f\u043e\u0432\u0435\u0440\u0445\u043d\u043e\u0441\u0442\u0435\u0439, \u0447\u0430\u0441\u0442\u043e \u043a\u043e\u043d\u0442\u0430\u043a\u0442\u0438\u0440\u0443\u044e\u0449\u0438\u0445 \u0441 \u0440\u0443\u043a\u0430\u043c\u0438."
    }
  },
  {
    "model": "shop.product",
    "pk": 7,
    "fields": {
      "name": "\u041a\u043e\u043d\u0441\u0442\u0443\u043a\u0442\u043e\u0440 Fischertechnik",
      "price": "40000.00",
      "product_number": 1000,
      "img": "media/img/fisher_teknics.jpg",
      "category": 8,
      "slug": "fishertechnics01",
      "description": "\u041a\u043e\u043d\u0441\u0442\u0440\u0443\u043a\u0442\u043e\u0440 \u0434\u043b\u044f \u0434\u0435\u0442\u0435\u0439 \u0441\u0442\u0430\u0440\u0448\u0435 7 \u043b\u0435\u0442.  \u0414\u0432\u0435 \u0440\u0430\u0437\u043d\u044b\u0435 \u043c\u043e\u0434\u0435\u043b\u0438 \u0442\u0440\u0430\u043a\u0442\u043e\u0440\u043e\u0432 \u0438 \u043e\u0434\u0438\u043d \u0430\u0432\u0442\u043e\u043c\u043e\u0431\u0438\u043b\u044c-\u0434\u0440\u044d\u0433\u0441\u0442\u0435\u0440 \u0441 \u0440\u0443\u043b\u0435\u0432\u044b\u043c \u0443\u043f\u0440\u0430\u0432\u043b\u0435\u043d\u0438\u0435\u043c \u0438 \u0447\u0435\u043b\u043e\u0432\u0435\u0447\u043a\u043e\u043c-\u0442\u0440\u0430\u043a\u0442\u043e\u0440\u0438\u0441\u0442\u043e\u043c \u0438\u0437 130 \u0434\u0435\u0442\u0430\u043b\u0435\u0439!  \u041f\u043e\u043f\u0440\u043e\u0431\u0443\u0439\u0442\u0435 \u0441\u043e\u0431\u0440\u0430\u0442\u044c \u0447\u0442\u043e-\u043d\u0438\u0431\u0443\u0434\u044c \u0435\u0449\u0435."
    }
  },
  {
    "model": "shop.product",
    "pk": 8,
    "fields": {
      "name": "\u041a\u0443\u043a\u043b\u0430 \u041a\u043b\u0435\u043e \u0434\u0435 \u041d\u0438\u043b - \u041c\u0430\u0441\u043a\u0430\u0440\u0430\u0434",
      "price": "5880.00",
      "product_number": 2000,
      "img": "media/img/doll01_Jx4jjvo.webp",
      "category": 9,
      "slug": "doll001",
      "description": "\u0418\u0442\u0430\u043a, \u043c\u043e\u043d\u0441\u0442\u0440\u044b \u0441\u043e\u0431\u0438\u0440\u0430\u044e\u0442\u0441\u044f \u043e\u0442\u043c\u0435\u0442\u0438\u0442\u044c \u044d\u0442\u043e\u0442 \u0425\u044d\u043b\u043b\u043e\u0443\u0438\u043d \u043a\u0430\u043a \u0441\u043b\u0435\u0434\u0443\u0435\u0442. \u041e\u0431\u044b\u0447\u043d\u043e \u0432 \u044d\u0442\u043e\u0442 \u0434\u0435\u043d\u044c \u043e\u043d\u0438 \u0441\u0438\u0434\u044f\u0442 \u0434\u043e\u043c\u0430, \u043d\u043e \u044d\u0442\u043e\u0442 \u0433\u043e\u0434 \u0441\u0442\u0430\u043b \u0438\u0441\u043a\u043b\u044e\u0447\u0435\u043d\u0438\u0435\u043c! \u041a\u043b\u0435\u043e \u0434\u0435 \u041d\u0438\u043b \u0443\u0436\u0435 \u043f\u043e\u0434\u0433\u043e\u0442\u043e\u0432\u0438\u043b\u0430 \u0441\u043d\u043e\u0433\u0441\u0448\u0438\u0431\u0430\u0442\u0435\u043b\u044c\u043d\u044b\u0439 \u0430\u0443\u0442\u0444\u0438\u0442 \u0434\u043b\u044f \u043c\u0430\u0441\u043a\u0430\u0440\u0430\u0434\u043d\u043e\u0439 \u0432\u0435\u0447\u0435\u0440\u0438\u043d\u043a\u0438. \u0412\u043f\u0440\u043e\u0447\u0435\u043c, \u0432\u0441\u0435 \u0441\u0442\u0443\u0434\u0435\u043d\u0442\u044b \u0428\u043a\u043e\u043b\u044b \u041c\u043e\u043d\u0441\u0442\u0440\u043e\u0432 \u043f\u043e\u0441\u0442\u0430\u0440\u0430\u043b\u0438\u0441\u044c \u043d\u0430 \u0441\u043b\u0430\u0432\u0443.   \u0425\u044d\u043b\u043b\u043e\u0443\u0438\u043d \u2013 \u044d\u0442\u043e \u0438\u0445 \u043f\u0440\u0430\u0437\u0434\u043d\u0438\u043a, \u0434\u0435\u043d\u044c \u043a\u043e\u0433\u0434\u0430 \u043a\u0430\u0436\u0434\u044b\u0439 \u043c\u043e\u043d\u0441\u0442\u0440 \u043f\u043e\u043a\u0430\u0437\u044b\u0432\u0430\u0435\u0442 \u0441\u0432\u043e\u044e \u0438\u0441\u0442\u0438\u043d\u043d\u0443\u044e \u0441\u0443\u0449\u043d\u043e\u0441\u0442\u044c! \u0412\u043e\u0442 \u0438 \u041a\u043b\u0435\u043e, \u0434\u043e\u0447\u044c \u043c\u0443\u043c\u0438\u0438, \u043f\u043e\u0434\u0433\u043e\u0442\u043e\u0432\u0438\u043b\u0430 \u043e\u0441\u043b\u0435\u043f\u0438\u0442\u0435\u043b\u044c\u043d\u044b\u0439 \u043a\u043e\u0441\u0442\u044e\u043c, \u0434\u043e\u0441\u0442\u043e\u0439\u043d\u044b\u0439 \u0435\u0433\u0438\u043f\u0435\u0442\u0441\u043a\u043e\u0439 \u0446\u0430\u0440\u0438\u0446\u044b. \u041e\u0431\u043b\u0435\u0433\u0430\u044e\u0449\u0438\u0439 \u0437\u043e\u043b\u043e\u0442\u0438\u0441\u0442\u044b\u0439 \u0442\u043e\u043f, \u043f\u0435\u0440\u0435\u0432\u044f\u0437\u0430\u043d\u043d\u044b\u0439 \u0438\u0437\u0443\u043c\u0440\u0443\u0434\u043d\u044b\u043c\u0438 \u043b\u0435\u043d\u0442\u0430\u043c\u0438, \u043f\u0440\u043e\u0437\u0440\u0430\u0447\u043d\u0430\u044f"
    }
  },
  {
    "model": "shop.product",
    "pk": 9,
    "fields": {
      "name": "\u041d\u043e\u0443\u0442\u0431\u0443\u043a Dell Inspiron 3595 AMD A6 9225/4Gb/500Gb/15.6\"/Linux Black",
      "price": "20940.00",
      "product_number": 298074,
      "img": "media/img/notebook_dell.jpg",
      "category": 1,
      "slug": "notebook_dell",
      "description": "\u041d\u0435\u0434\u043e\u0440\u043e\u0433\u043e\u0435, \u043d\u043e \u043f\u0440\u043e\u0438\u0437\u0432\u043e\u0434\u0438\u0442\u0435\u043b\u044c\u043d\u044b\u0439 \u043d\u043e\u0443\u0442\u0431\u0443\u043a DELL."
    }
  },
  {
    "model": "shop.product",
    "pk": 10,
    "fields": {
      "name": "\u041d\u043e\u0443\u0442\u0431\u0443\u043a Apple MacBook MRQP2RU/A 12\" Core i5",
      "price": "999999.00",
      "product_number": 258166,
      "img": "media/img/notebook_apple.jpg",
      "category": 1,
      "slug": "notebook_apple",
      "description": "\u041a\u0443\u043f\u0438 \u0432 \u0438\u043f\u043e\u0442\u0435\u043a\u0443 \u044d\u0442\u043e\u0442 \u044d\u043b\u0438\u0442\u043d\u044b\u0439 \u043d\u043e\u0443\u0442\u0431\u0443\u043a, \u043e\u0442 \u043b\u0435\u0433\u0435\u043d\u0434\u0430\u0440\u043d\u043e\u0439 Apple! \u0418 \u043f\u0443\u0441\u0442\u044c \u0432\u0441\u0435 \u043d\u0438\u0449\u0435\u0431\u0440\u043e\u0434\u044b \u0442\u0435\u0431\u0435 \u0437\u0430\u0432\u0438\u0434\u0443\u044e\u0442!"
    }
  },
  {
    "model": "shop.product",
    "pk": 11,
    "fields": {
      "name": "\u041d\u043e\u0443\u0442\u0431\u0443\u043a MSI GS75 Stealth 10SGS-293RU Intel Core i9",
      "price": "279900.00",
      "product_number": 309359,
      "img": "media/img/notebook_msi.png",
      "category": 1,
      "slug": "notebook_msi",
      "description": "\u0421 \u043d\u0430\u0448\u0438\u043c \u0442\u043e\u043f\u043e\u0432\u044b\u043c \u043d\u043e\u0443\u0442\u0431\u0443\u043a\u043e\u043c MSI \u0442\u0432\u043e\u0439 \u043c\u0430\u0439\u043d\u043a\u0440\u0430\u0444\u0442 \u0431\u0443\u0434\u0435\u0442 \u043b\u0435\u0442\u0430\u0442\u044c."
    }
  },
  {
    "model": "shop.product",
    "pk": 12,
    "fields": {
      "name": "\u041c\u043e\u0431\u0438\u043b\u044c\u043d\u044b\u0439 \u0442\u0435\u043b\u0435\u0444\u043e\u043d BQ Mobile BQ-1848",
      "price": "538.00",
      "product_number": 288558,
      "img": "media/img/phone_BQ.jpg",
      "category": 2,
      "slug": "phone_bq",
      "description": "\u0415\u0441\u043b\u0438 \u0442\u0435\u0431\u0435 \u043d\u0443\u0436\u043d\u043e \u043f\u0440\u043e\u0441\u0442\u043e \u0437\u0432\u043e\u043d\u0438\u0442\u044c, \u0437\u0430\u0447\u0435\u043c \u043f\u043b\u0430\u0442\u0438\u0442\u044c \u0431\u043e\u043b\u044c\u0448\u0435? \u0412\u0441\u0435\u0433\u043e \u0437\u0430 538 \u0440\u0443\u0431\u043b\u0435\u0439, \u0432\u044b \u043f\u043e\u043a\u0443\u043f\u0430\u0435\u0442\u0435 \u0441\u0430\u043c\u044b\u0439 \u0434\u0435\u0448\u0451\u0432\u044b\u0439 \u0431\u0438\u043b\u0435\u0442 \u0432 \u043c\u0438\u0440 \u0431\u0435\u0437\u0433\u0440\u0430\u043d\u0438\u0447\u043d\u043e\u0439 \u0441\u0432\u044f\u0437\u0438! \u0411\u0443\u0434\u0435\u0442 \u043e\u0442\u043b\u0438\u0447\u043d\u043e \u0441\u043c\u043e\u0442\u0440\u0435\u0442\u044c\u0441\u044f \u0440\u044f\u0434\u043e\u043c \u0441 \u0432\u0430\u0448\u0435\u0439 Ferrari"
    }
  },
  {
    "model": "shop.product",
    "pk": 13,
    "fields": {
      "name": "\u0421\u043c\u0430\u0440\u0442\u0444\u043e\u043d Apple iPhone 11 Pro 512GB Space Grey",
      "price": "129990.00",
      "product_number": 284740,
      "img": "media/img/iPhone.jpg",
      "category": 2,
      "slug": "iphone",
      "description": "\u041f\u043e\u043a\u0443\u043f\u0430\u044f \u0441\u043c\u0430\u0440\u0442\u0444\u043e\u043d Apple \u0432\u044b \u0431\u0435\u0440\u0435\u0442\u0435 \u043d\u0435 \u043f\u0440\u043e\u0441\u0442\u043e \u0441\u043e\u0432\u0440\u0435\u043c\u0435\u043d\u043d\u044b\u0439 \u0442\u0435\u043b\u0435\u0444\u043e\u043d, \u0441 \u043b\u0443\u0447\u0448\u0435\u0439 \u043a\u0430\u043c\u0435\u0440\u043e\u0439 \u043d\u0430 \u0441\u0432\u0435\u0442\u0435, Amazing \u043f\u0440\u043e\u0433\u0440\u0430\u043c\u043c\u043d\u044b\u043c \u043e\u0431\u0435\u0441\u043f\u0435\u0447\u0435\u043d\u0438\u0435\u043c \u0438 Awesome \u0434\u0438\u0437\u0430\u0439\u043d\u043e\u043c. \u0412\u044b \u0432\u0441\u0442\u0443\u043f\u0430\u0435\u0442\u0435 \u0432 \u043a\u043b\u0443\u0431 \u043c\u0438\u0440\u043e\u0432\u043e\u0439 \u0431\u0438\u0437\u043d\u0435\u0441 \u044d\u043b\u0438\u0442\u044b!"
    }
  },
  {
    "model": "shop.product",
    "pk": 14,
    "fields": {
      "name": "\u0411\u0435\u0441\u043f\u0440\u043e\u0432\u043e\u0434\u043d\u043e\u0439 \u043c\u0430\u0440\u0448\u0440\u0443\u0442\u0438\u0437\u0430\u0442\u043e\u0440 ASUS GT-AC5300 802.11ac",
      "price": "28410.00",
      "product_number": 252403,
      "img": "media/img/router_asus.jpg",
      "category": 4,
      "slug": "router_asus",
      "description": "\u041f\u043e\u0434\u0434\u0435\u0440\u0436\u0438\u0432\u0430\u0435\u0442 \u0441\u0442\u0430\u043d\u0434\u0430\u0440\u0442\u044b 802.11 a/b/g/n/ac  \u0421\u043a\u043e\u0440\u043e\u0441\u0442\u044c \u043f\u0435\u0440\u0435\u0434\u0430\u0447\u0438 \u0434\u0430\u043d\u043d\u044b\u0445 WiFi (\u041c\u0431\u0438\u0442/\u0441) 1000+2167+2167 \u041c\u0431\u0438\u0442/\u0441"
    }
  },
  {
    "model": "shop.product",
    "pk": 15,
    "fields": {
      "name": "\u041a\u043e\u043c\u043c\u0443\u0442\u0430\u0442\u043e\u0440 MikroTik CRS109-8G-1S-2HND-IN",
      "price": "9790.00",
      "product_number": 191051,
      "img": "media/img/router_mikrotik.jpg",
      "category": 4,
      "slug": "router_mikrotik",
      "description": "\u041a\u043e\u043b\u0438\u0447\u0435\u0441\u0442\u0432\u043e RJ-45 (1 \u0413\u0431\u0438\u0442/\u0441)\t8 \u041a\u043e\u043b\u0438\u0447\u0435\u0441\u0442\u0432\u043e SFP \u043f\u043e\u0440\u0442\u043e\u0432\t1"
    }
  },
  {
    "model": "shop.product",
    "pk": 16,
    "fields": {
      "name": "\u0411\u0435\u0441\u043f\u0440\u043e\u0432\u043e\u0434\u043d\u043e\u0439 \u043c\u0430\u0440\u0448\u0440\u0443\u0442\u0438\u0437\u0430\u0442\u043e\u0440 Tenda N301 802.11n 300\u041c\u0431\u0438\u0442/\u0441, 2.4\u0413\u0413\u0446",
      "price": "850.00",
      "product_number": 189835,
      "img": "media/img/router_tenda.jpg",
      "category": 4,
      "slug": "router_tenda",
      "description": "\u0415\u0441\u043b\u0438 \u0432\u044b \u043f\u043e\u0441\u043b\u0435\u0434\u043d\u0438\u0439 \u0438\u0437 \u0434\u0438\u043d\u0430\u0437\u0430\u0432\u0440\u043e\u0432, \u0438 \u0432\u0430\u043c \u043d\u0443\u0436\u0435\u043d \u043e\u0431\u044b\u0447\u043d\u044b\u0439 \u043c\u0435\u0437\u043e\u0437\u043e\u0439\u043d\u044b\u0439 \u0438\u043d\u0442\u0435\u0440\u043d\u0435\u0442 - \u044d\u0442\u043e\u0442 2.4 Ghz \u0440\u043e\u0443\u0442\u0435\u0440 \u043f\u043e\u043a\u043e\u043b\u0435\u043d\u0438\u044f n - \u0438\u0434\u0435\u0430\u043b\u0435\u043d."
    }
  },
  {
    "model": "shop.product",
    "pk": 17,
    "fields": {
      "name": "Bluetooth \u0433\u0430\u0440\u043d\u0438\u0442\u0443\u0440\u0430 Sennheiser PXC 550-II Wireless Black",
      "price": "23090.00",
      "product_number": 290946,
      "img": "media/img/sennheiser.jpg",
      "category": 5,
      "slug": "senheizer",
      "description": "\u0421\u043e\u0437\u0434\u0430\u043d\u043d\u044b\u0435 \u0434\u043b\u044f \u0447\u0430\u0441\u0442\u043e \u043f\u0443\u0442\u0435\u0448\u0435\u0441\u0442\u0432\u0443\u044e\u0449\u0438\u0445 \u043b\u044e\u0434\u0435\u0439, PXC 550-II Wireless \u043e\u0442 Sennheiser \u0443\u043a\u0440\u0430\u0448\u0430\u044e\u0442 \u043a\u0430\u0436\u0434\u043e\u0435 \u043f\u0443\u0442\u0435\u0448\u0435\u0441\u0442\u0432\u0438\u0435 \u043d\u0435\u043f\u0440\u0435\u0432\u0437\u043e\u0439\u0434\u0435\u043d\u043d\u044b\u043c \u043a\u0430\u0447\u0435\u0441\u0442\u0432\u043e\u043c \u0437\u0432\u0443\u043a\u0430 \u0438 \u0441\u0432\u043e\u0431\u043e\u0434\u043e\u0439 \u0431\u0435\u0441\u043f\u0440\u043e\u0432\u043e\u0434\u043d\u043e\u0439 \u0441\u0432\u044f\u0437\u0438. \u041f\u0443\u0442\u0435\u0448\u0435\u0441\u0442\u0432\u0443\u0439\u0442\u0435 \u043f\u043e \u043c\u0438\u0440\u0443 \u0434\u043e 30 \u0447\u0430\u0441\u043e\u0432 \u0431\u0435\u0437 \u043f\u043e\u0434\u0437\u0430\u0440\u044f\u0434\u043a\u0438: \u0441\u043b\u0443\u0448\u0430\u0439\u0442\u0435 \u043c\u0443\u0437\u044b\u043a\u0443, \u043f\u0440\u0438\u043d\u0438\u043c\u0430\u0439\u0442\u0435 \u0437\u0432\u043e\u043d\u043a\u0438, \u043e\u0431\u0449\u0430\u0439\u0442\u0435\u0441\u044c \u0441 \u0432\u0438\u0440\u0442\u0443\u0430\u043b\u044c\u043d\u044b\u043c\u0438 \u043f\u043e\u043c\u043e\u0449\u043d\u0438\u043a\u0430\u043c\u0438 \u0438\u043b\u0438 \u043f\u0440\u043e\u0441\u0442\u043e \u043f\u0443\u0442\u0435\u0448\u0435\u0441\u0442\u0432\u0443\u0439\u0442\u0435 \u0432 \u0430\u0442\u043c\u043e\u0441\u0444\u0435\u0440\u0435 \u0442\u0438\u0448\u0438\u043d\u044b \u0438 \u0441\u043f\u043e\u043a\u043e\u0439\u0441\u0442\u0432\u0438\u0438 \u0431\u043b\u0430\u0433\u043e\u0434\u0430\u0440\u044f \u0444\u0443\u043d\u043a\u0446\u0438\u0438 \u0430\u0434\u0430\u043f\u0442\u0438\u0432\u043d\u043e\u0433\u043e \u0448\u0443\u043c\u043e\u043f\u043e\u0434\u0430\u0432\u043b\u0435\u043d\u0438\u044f."
    }
  },
  {
    "model": "shop.product",
    "pk": 18,
    "fields": {
      "name": "2.0 \u041a\u043e\u043b\u043e\u043d\u043a\u0438 Oklick OK-117 2*40W",
      "price": "9900.00",
      "product_number": 305659,
      "img": "media/img/oklick.jpg",
      "category": 5,
      "slug": "oklick",
      "description": "\u0414\u0438\u0430\u043c\u0435\u0442\u0440 \u0434\u0438\u043d\u0430\u043c\u0438\u043a\u043e\u0432 (\u043c\u043c)\t2 x 25\u043c\u043c, 2 x 50\u043c\u043c, 2 x 101\u043c\u043c  \u0427\u0430\u0441\u0442\u043e\u0442\u043d\u044b\u0439 \u0434\u0438\u0430\u043f\u0430\u0437\u043e\u043d\t35-20000 \u0413\u0446"
    }
  },
  {
    "model": "shop.product",
    "pk": 19,
    "fields": {
      "name": "\u0423\u043c\u043d\u0430\u044f \u043a\u043e\u043b\u043e\u043d\u043a\u0430 \u042f\u043d\u0434\u0435\u043a\u0441.\u0421\u0442\u0430\u043d\u0446\u0438\u044f \u041c\u0438\u043d\u0438 \u0441 \u0433\u043e\u043b\u043e\u0441\u043e\u0432\u044b\u043c \u043f\u043e\u043c\u043e\u0449\u043d\u0438\u043a\u043e\u043c \u0410\u043b\u0438\u0441\u0430 Black",
      "price": "4470.00",
      "product_number": 290795,
      "img": "media/img/yandex_station.jpg",
      "category": 5,
      "slug": "yandex_station",
      "description": "\u0421\u043b\u0443\u0448\u0430\u0439\u0442\u0435 \u0442\u043e, \u0447\u0442\u043e \u043d\u0440\u0430\u0432\u0438\u0442\u0441\u044f \u041c\u043e\u0436\u0435\u0442\u0435 \u0432\u044b\u0431\u0438\u0440\u0430\u0442\u044c \u043f\u0435\u0441\u043d\u0438 \u0441\u0430\u043c\u0438 \u0438\u043b\u0438 \u043f\u043e\u043b\u0430\u0433\u0430\u0442\u044c\u0441\u044f \u043d\u0430 \u0421\u0442\u0430\u043d\u0446\u0438\u044e \u041c\u0438\u043d\u0438: \u043e\u043d\u0430 \u0431\u0443\u0434\u0435\u0442 \u043d\u0430\u0445\u043e\u0434\u0438\u0442\u044c \u043c\u0443\u0437\u044b\u043a\u0443 \u0441\u043f\u0435\u0446\u0438\u0430\u043b\u044c\u043d\u043e \u0434\u043b\u044f \u0432\u0430\u0441.  \u0413\u043e\u0432\u043e\u0440\u0438\u0442\u0435, \u0447\u0435\u0433\u043e \u0432\u0430\u043c \u0445\u043e\u0447\u0435\u0442\u0441\u044f \u0415\u0441\u043b\u0438 \u0437\u0430\u043d\u044f\u0442\u044b \u0440\u0443\u043a\u0438, \u043f\u043e\u043f\u0440\u043e\u0441\u0438\u0442\u0435 \u0421\u0442\u0430\u043d\u0446\u0438\u044e \u041c\u0438\u043d\u0438 \u043f\u043e\u043c\u043e\u0447\u044c: \u043e\u043d\u0430 \u0432\u043a\u043b\u044e\u0447\u0438\u0442 \u0440\u0430\u0434\u0438\u043e, \u043d\u0430\u0439\u0434\u0451\u0442 \u0445\u043e\u0440\u043e\u0448\u0438\u0439 \u0440\u0435\u0446\u0435\u043f\u0442 \u0438 \u043d\u0430\u043f\u043e\u043c\u043d\u0438\u0442 \u043f\u0440\u043e \u0434\u0443\u0445\u043e\u0432\u043a\u0443. \u0410 \u0435\u0449\u0451 \u0441 \u043a\u043e\u043b\u043e\u043d\u043a\u043e\u0439 \u043c\u043e\u0436\u043d\u043e \u043f\u0440\u043e\u0441\u0442\u043e \u043f\u043e\u0431\u043e\u043b\u0442\u0430\u0442\u044c."
    }
  },
  {
    "model": "shop.product",
    "pk": 20,
    "fields": {
      "name": "\u0413\u0435\u043b\u044c-\u0430\u043d\u0442\u0438\u0441\u0435\u043f\u0442\u0438\u043a \u0434\u043b\u044f \u0440\u0443\u043a MANUFACTOR N308 100\u043c\u043b \u041f\u042d\u0422 \u0444\u043b\u0438\u043f-\u0442\u043e\u043f",
      "price": "129.00",
      "product_number": 303957,
      "img": "media/img/aids_gel01.jpg",
      "category": 6,
      "slug": "aid_gel01",
      "description": "\u0413\u0435\u043b\u044c-\u0430\u043d\u0442\u0438\u0441\u0435\u043f\u0442\u0438\u043a \u0434\u043b\u044f \u0440\u0443\u043a N308 MANUFACTOR. \u041f\u0440\u0438\u043c\u0435\u043d\u044f\u0435\u0442\u0441\u044f \u0434\u043b\u044f \u0433\u0438\u0433\u0438\u0435\u043d\u0438\u0447\u0435\u0441\u043a\u043e\u0439 \u043e\u0431\u0440\u0430\u0431\u043e\u0442\u043a\u0438 \u0440\u0443\u043a. \u041e\u0431\u0435\u0441\u043f\u0435\u0447\u0438\u0432\u0430\u0435\u0442 \u0442\u0449\u0430\u0442\u0435\u043b\u044c\u043d\u043e\u0435 \u043e\u0447\u0438\u0449\u0435\u043d\u0438\u0435 \u0431\u0435\u0437 \u043f\u0440\u0438\u043c\u0435\u043d\u0435\u043d\u0438\u044f \u0432\u043e\u0434\u044b, \u043e\u043a\u0430\u0437\u044b\u0432\u0430\u0435\u0442 \u0430\u043d\u0442\u0438\u0431\u0430\u043a\u0442\u0435\u0440\u0438\u0430\u043b\u044c\u043d\u043e\u0435 \u0434\u0435\u0439\u0441\u0442\u0432\u0438\u0435. \u041e\u0441\u043d\u043e\u0432\u043d\u043e\u0435 \u0434\u0435\u0439\u0441\u0442\u0432\u0443\u044e\u0449\u0435\u0435 \u0432\u0435\u0449\u0435\u0441\u0442\u0432\u043e - \u0438\u0437\u043e\u043f\u0440\u043e\u043f\u0438\u043b\u043e\u0432\u044b\u0439 \u0441\u043f\u0438\u0440\u0442. \u0423\u0431\u0438\u0432\u0430\u0435\u0442 99,99% \u043d\u0430\u0438\u0431\u043e\u043b\u0435\u0435 \u0440\u0430\u0441\u043f\u0440\u043e\u0441\u0442\u0440\u0430\u043d\u0435\u043d\u043d\u044b\u0445 \u0431\u043e\u043b\u0435\u0437\u043d\u0435\u0442\u0432\u043e\u0440\u043d\u044b\u0445 \u0431\u0430\u043a\u0442\u0435\u0440\u0438\u0439 \u0438 \u0433\u0440\u0438\u0431\u043e\u0432. \u0412\u0445\u043e\u0434\u044f\u0449\u0438\u0439 \u0432 \u0441\u043e\u0441\u0442\u0430\u0432 \u0433\u043b\u0438\u0446\u0435\u0440\u0438\u043d \u0443\u0432\u043b\u0430\u0436\u043d\u044f\u0435\u0442 \u0438 \u0441\u043c\u044f\u0433\u0447\u0430\u0435\u0442 \u043a\u043e\u0436\u0443 \u0440\u0443\u043a."
    }
  },
  {
    "model": "shop.product",
    "pk": 21,
    "fields": {
      "name": "\u0414\u0435\u0437\u0438\u043d\u0444\u0438\u0446\u0438\u0440\u0443\u044e\u0449\u0435\u0435 \u0441\u0440\u0435\u0434\u0441\u0442\u0432\u043e \u0410\u043b\u043c\u0430\u0434\u0435\u0437 1 \u043b",
      "price": "549.00",
      "product_number": 303798,
      "img": "media/img/almadez.jpg",
      "category": 6,
      "slug": "almadez",
      "description": "\u0421\u043e\u0441\u0442\u0430\u0432: c\u043e\u0434\u0435\u0440\u0436\u0438\u0442 \u0432 \u0441\u0432\u043e\u0435\u043c \u0441\u043e\u0441\u0442\u0430\u0432\u0435 \u0432 \u043a\u0430\u0447\u0435\u0441\u0442\u0432\u0435 \u0434\u0435\u0439\u0441\u0442\u0432\u0443\u044e\u0449\u0438\u0445 \u0432\u0435\u0449\u0435\u0441\u0442\u0432 N,N-\u0431\u0438\u0441-(3-\u0430\u043c\u0438\u043d\u043e\u043f\u0440\u043e\u043f\u0438\u043b) \u0434\u043e\u0434\u0435\u0446\u0438\u043b\u0430\u043c\u0438\u043d\u0430 0,5%, \u0430\u043b\u043a\u0438\u043b\u0434\u0438\u043c\u0435\u0442\u0438\u043b\u0431\u0435\u043d\u0437\u0438\u043b\u0430\u043c\u043c\u043e\u043d\u0438\u0439 \u0445\u043b\u043e\u0440\u0438\u0434\u0430 6%, \u043f\u043e\u043b\u0438\u0433\u0435\u043a\u0441\u0430\u043c\u0435\u0442\u0438\u043b\u0435\u043d\u0433\u0443\u0430\u043d\u0438\u0434\u0438\u043d \u0433\u0438\u0434\u0440\u043e\u0445\u043b\u043e\u0440\u0438\u0434\u0430 2,3% \u0438 \u043f\u043e\u043b\u0438-(1-\u0433\u0435\u043a\u0441\u0430\u043c\u0435\u0442\u0438\u043b\u0435\u043d) \u0431\u0438\u0433\u0443\u0430\u043d\u0438\u0434\u0438\u043d \u0433\u0438\u0434\u0440\u043e\u0445\u043b\u043e\u0440\u0438\u0434 0,1%, \u0430 \u0442\u0430\u043a\u0436\u0435 \u043c\u043e\u044e\u0449\u0438\u0439 \u043a\u043e\u043c\u043f\u043e\u043d\u0435\u043d\u0442, \u043e\u0442\u0434\u0443\u0448\u043a\u0443 \u0438 \u0432\u043e\u0434\u0443. \u0440\u041d 1% \u0432\u043e\u0434\u043d\u043e\u0433\u043e \u0440\u0430\u0441\u0442\u0432\u043e\u0440\u0430 \u0441\u0440\u0435\u0434\u0441\u0442\u0432\u0430 6,9;"
    }
  },
  {
    "model": "shop.product",
    "pk": 22,
    "fields": {
      "name": "\u0420\u0435\u0441\u043f\u0438\u0440\u0430\u0442\u043e\u0440 SAS 8617 NIOSH N95 (\u043c\u0435\u0434\u0438\u0446\u0438\u043d\u0441\u043a\u0438\u0439 \u0441\u0442\u0430\u043d\u0434\u0430\u0440\u0442)",
      "price": "279.00",
      "product_number": 304222,
      "img": "media/img/respirator.jpg",
      "category": 7,
      "slug": "respirator",
      "description": "\u041e\u0442\u043b\u0438\u0447\u043d\u043e \u0437\u0430\u0449\u0438\u0442\u0438\u0442 \u043e\u0442 \u0441\u0433\u043b\u0430\u0437\u0430 \u0438 \u043a\u043e\u0440\u043e\u043d\u044b."
    }
  },
  {
    "model": "shop.product",
    "pk": 23,
    "fields": {
      "name": "LEGO Technic \u0421\u0430\u043c\u043e\u0441\u0432\u0430\u043b Volvo 6\u04456 42114",
      "price": "15299.00",
      "product_number": 312893,
      "img": "media/img/lego_technics.jpg",
      "category": 8,
      "slug": "lego_technics",
      "description": "\u0420\u0435\u0430\u043b\u0438\u0441\u0442\u0438\u0447\u043d\u0430\u044f \u043c\u043e\u0434\u0435\u043b\u044c \u0441\u0430\u043c\u043e\u0433\u043e \u0431\u043e\u043b\u044c\u0448\u043e\u0433\u043e \u0441\u043e\u0447\u043b\u0435\u043d\u0451\u043d\u043d\u043e\u0433\u043e \u0441\u0430\u043c\u043e\u0441\u0432\u0430\u043b\u0430 Volvo 6 \u0445 6 LEGO Technic (42114) \u0441\u0442\u0430\u043d\u0435\u0442 \u0438\u0434\u0435\u0430\u043b\u044c\u043d\u044b\u043c \u043f\u043e\u0434\u0430\u0440\u043a\u043e\u043c \u0434\u043b\u044f \u0434\u0435\u0442\u0435\u0439, \u043a\u043e\u0442\u043e\u0440\u044b\u043c \u043d\u0440\u0430\u0432\u044f\u0442\u0441\u044f \u0441\u0431\u043e\u0440\u043d\u044b\u0435 \u043c\u043e\u0434\u0435\u043b\u0438 \u0442\u0440\u0430\u043d\u0441\u043f\u043e\u0440\u0442\u043d\u044b\u0445 \u0441\u0440\u0435\u0434\u0441\u0442\u0432. \u0420\u0435\u0430\u043b\u0438\u0441\u0442\u0438\u0447\u043d\u044b\u0435 \u0444\u0443\u043d\u043a\u0446\u0438\u0438 \u044d\u0442\u043e\u0433\u043e \u0441\u0430\u043c\u043e\u0441\u0432\u0430\u043b\u0430 \u043f\u0440\u0438\u0432\u043e\u0434\u044f\u0442\u0441\u044f \u0432 \u0434\u0435\u0439\u0441\u0442\u0432\u0438\u0435 \u043e\u0434\u043d\u0438\u043c \u0431\u043e\u043b\u044c\u0448\u0438\u043c \u0443\u0433\u043b\u043e\u0432\u044b\u043c \u043c\u043e\u0442\u043e\u0440\u043e\u043c, \u043e\u0434\u043d\u0438\u043c \u043c\u043e\u0442\u043e\u0440\u043e\u043c XL \u0438 \u043e\u0434\u043d\u0438\u043c \u043c\u043e\u0442\u043e\u0440\u043e\u043c L, \u0430 \u0442\u0430\u043a\u0436\u0435 \u043f\u0440\u043e\u0433\u0440\u0430\u043c\u043c\u0438\u0440\u0443\u0435\u043c\u044b\u043c \u0445\u0430\u0431\u043e\u043c, \u0443\u043f\u0440\u0430\u0432\u043b\u044f\u0435\u043c\u044b\u043c \u0441 \u043f\u043e\u043c\u043e\u0449\u044c\u044e Bluetooth-\u043f\u043e\u0434\u043a\u043b\u044e\u0447\u0435\u043d\u0438\u044f.  \u0418\u0441\u0441\u043b\u0435\u0434\u0443\u0439\u0442\u0435 \u043d\u043e\u0432\u044b\u0435 \u0432\u043e\u0437\u043c\u043e\u0436\u043d\u043e\u0441\u0442\u0438 \u0434\u043b\u044f \u0438\u0433\u0440 \u0432 \u043f\u0440\u0438\u043b\u043e\u0436\u0435\u043d\u0438\u0438"
    }
  },
  {
    "model": "shop.product",
    "pk": 24,
    "fields": {
      "name": "\u041a\u043e\u043d\u0441\u0442\u0440\u0443\u043a\u0442\u043e\u0440 3D-\u043f\u0430\u0437\u043b Ugears - \u0420\u043e\u0434\u0441\u0442\u0435\u0440 VM-01",
      "price": "4990.00",
      "product_number": 294587,
      "img": "media/img/ugears.jpg",
      "category": 8,
      "slug": "ugears",
      "description": "\u041a\u043b\u0430\u0441\u0441\u0438\u043a\u0430 \u0432 \u0434\u0435\u0440\u0435\u0432\u0435: \u0420\u043e\u0434\u0441\u0442\u0435\u0440 \u043e\u0442 UGEARS \u0420\u043e\u0434\u0441\u0442\u0435\u0440 \u2013 \u0430\u0432\u0442\u043e\u043c\u043e\u0431\u0438\u043b\u044c \u0441 \u0443\u043d\u0438\u043a\u0430\u043b\u044c\u043d\u043e\u0439 \u0445\u0430\u0440\u0438\u0437\u043c\u043e\u0439: \u0443\u0442\u043e\u043d\u0447\u0451\u043d\u043d\u043e \u044d\u043b\u0435\u0433\u0430\u043d\u0442\u043d\u044b\u0439, \u0438\u0437\u044b\u0441\u043a\u0430\u043d\u043d\u043e \u0441\u0442\u0438\u043b\u044c\u043d\u044b\u0439 \u0438 \u0431\u0435\u0441\u043a\u043e\u043c\u043f\u0440\u043e\u043c\u0438\u0441\u0441\u043d\u043e \u0431\u044b\u0441\u0442\u0440\u044b\u0439, \u043e\u043d \u0437\u0430\u043d\u0438\u043c\u0430\u0435\u0442 \u043e\u0442\u0434\u0435\u043b\u044c\u043d\u0443\u044e \u0441\u0442\u0440\u0430\u043d\u0438\u0446\u0443 \u0432 \u0438\u0441\u0442\u043e\u0440\u0438\u0438 \u0430\u0432\u0442\u043e\u043c\u043e\u0431\u0438\u043b\u0435\u0441\u0442\u0440\u043e\u0435\u043d\u0438\u044f\u2026 \u0438 \u0443\u0436\u0435 \u0433\u043e\u0442\u043e\u0432 \u0437\u0430\u043d\u044f\u0442\u044c \u043f\u043e\u0447\u0451\u0442\u043d\u043e\u0435 \u043c\u0435\u0441\u0442\u043e \u0432 \u0412\u0430\u0448\u0435\u0439 \u043a\u043e\u043b\u043b\u0435\u043a\u0446\u0438\u0438! \u0420\u043e\u0434\u0441\u0442\u0435\u0440 VM-01 \u043e\u0442 UGEARS \u2013 \u044d\u0442\u043e \u0441\u0431\u043e\u0440\u043d\u0430\u044f \u043c\u043e\u0434\u0435\u043b\u044c, \u0438\u0434\u0435\u0430\u043b\u044c\u043d\u043e \u043f\u0435\u0440\u0435\u0434\u0430\u044e\u0449\u0430\u044f \u043e\u0431\u0430\u044f\u0442\u0435\u043b\u044c\u043d\u044b\u0439 \u0440\u0435\u0442\u0440\u043e-\u0445\u0430\u0440\u0430\u043a\u0442\u0435\u0440 \u043e\u0440\u0438\u0433\u0438\u043d\u0430\u043b\u0430. \u041c\u044b \u0441\u043e\u0445\u0440\u0430\u043d\u0438\u043b\u0438 \u0438 \u043f\u043b\u0430\u0432\u043d\u043e\u0441\u0442\u044c \u043b\u0438\u043d\u0438\u0439 \u043a\u043e\u0440\u043f\u0443\u0441\u0430, \u0438 \u043e\u0440\u0438\u0433\u0438\u043d\u0430\u043b\u044c\u043d\u044b\u0439 \u0434\u0438\u0437\u0430\u0439\u043d \u043a\u043e\u0440\u043f\u0443\u0441\u0430: \u044d\u0442\u043e \u043d\u0430\u0441\u0442\u043e\u043b\u044c\u043a\u043e \u0442\u043e\u0447\u043d\u0430\u044f \u043a\u043e\u043f\u0438\u044f, \u043d\u0430\u0441\u043a\u043e\u043b\u044c\u043a\u043e \u044d\u0442\u043e \u0432\u043e\u0437\u043c\u043e\u0436\u043d\u043e. \u0418 \u043e\u043d\u0430 \u0440\u0430\u0431\u043e\u0442\u0430\u0435\u0442!"
    }
  },
  {
    "model": "shop.product",
    "pk": 25,
    "fields": {
      "name": "LEGO Education 45678 \u0411\u0430\u0437\u043e\u0432\u044b\u0439 \u043d\u0430\u0431\u043e\u0440 SPIKE\u2122 Prime",
      "price": "29999.00",
      "product_number": 303310,
      "img": "media/img/lego_spike.jpg",
      "category": 8,
      "slug": "lego_spike",
      "description": "\u0411\u0430\u0437\u043e\u0432\u044b\u0439 \u043d\u0430\u0431\u043e\u0440 SPIKE Prime \u043f\u0440\u0435\u0434\u0441\u0442\u0430\u0432\u043b\u044f\u0435\u0442 \u0441\u043e\u0431\u043e\u0439 \u0438\u0434\u0435\u0430\u043b\u044c\u043d\u043e\u0435 \u0441\u043e\u0447\u0435\u0442\u0430\u043d\u0438\u0435 \u044f\u0440\u043a\u0438\u0445 \u044d\u043b\u0435\u043c\u0435\u043d\u0442\u043e\u0432 LEGO, \u043f\u0440\u043e\u0441\u0442\u044b\u0445 \u0432 \u0438\u0441\u043f\u043e\u043b\u044c\u0437\u043e\u0432\u0430\u043d\u0438\u0438 \u044d\u043b\u0435\u043a\u0442\u0440\u043e\u043d\u043d\u044b\u0445 \u043a\u043e\u043c\u043f\u043e\u043d\u0435\u043d\u0442\u043e\u0432 \u0438 \u0438\u043d\u0442\u0443\u0438\u0442\u0438\u0432\u043d\u043e \u043f\u043e\u043d\u044f\u0442\u043d\u043e\u0433\u043e \u044f\u0437\u044b\u043a\u0430 \u043f\u0440\u043e\u0433\u0440\u0430\u043c\u043c\u0438\u0440\u043e\u0432\u0430\u043d\u0438\u044f, \u0441\u043e\u0437\u0434\u0430\u043d\u043d\u043e\u0433\u043e \u043d\u0430 \u0431\u0430\u0437\u0435 Scratch. \u0421 \u043f\u043e\u043c\u043e\u0449\u044c\u044e \u044d\u0442\u043e\u0433\u043e \u0440\u0435\u0448\u0435\u043d\u0438\u044f \u0432\u0430\u0448\u0438 \u0443\u0447\u0435\u043d\u0438\u043a\u0438 \u0432 \u0440\u0430\u043c\u043a\u0430\u0445 \u0443\u0432\u043b\u0435\u043a\u0430\u0442\u0435\u043b\u044c\u043d\u043e\u0433\u043e \u0438\u0433\u0440\u043e\u0432\u043e\u0433\u043e \u043e\u0431\u0443\u0447\u0435\u043d\u0438\u044f \u0441\u043c\u043e\u0433\u0443\u0442 \u0440\u0430\u0437\u0432\u0438\u0432\u0430\u0442\u044c \u043d\u0430\u0432\u044b\u043a\u0438 \u043a\u0440\u0438\u0442\u0438\u0447\u0435\u0441\u043a\u043e\u0433\u043e \u043c\u044b\u0448\u043b\u0435\u043d\u0438\u044f \u0438 \u0440\u0435\u0448\u0435\u043d\u0438\u044f \u0437\u0430\u0434\u0430\u0447 \u043e\u0434\u0438\u043d\u0430\u043a\u043e\u0432\u043e \u0443\u0441\u043f\u0435\u0448\u043d\u043e, \u043d\u0435\u0432\u0437\u0438\u0440\u0430\u044f \u043d\u0430 \u0443\u0440\u043e\u0432\u0435\u043d\u044c \u043f\u043e\u0434\u0433\u043e\u0442\u043e\u0432\u043a\u0438 \u0438 \u0432\u043e\u0437\u0440\u0430\u0441\u0442. \u0412\u0430\u043c \u0434\u043e\u0441\u0442\u0443\u043f\u043d\u044b \u043f\u0440\u043e\u0441\u0442\u044b\u0435 \u0432 \u0440\u0435\u0430\u043b\u0438\u0437\u0430\u0446\u0438\u0438 \u0441\u0442\u0430\u0440\u0442\u043e\u0432\u044b\u0435 \u043f\u0440\u043e\u0435\u043a\u0442\u044b \u0438 \u0431\u0435\u0437\u0433\u0440\u0430\u043d\u0438\u0447\u043d\u044b\u0435 \u0432\u043e\u0437\u043c\u043e\u0436\u043d\u043e\u0441\u0442\u0438 \u0434\u043b\u044f \u0442\u0432\u043e\u0440\u0447\u0435\u0441\u043a\u043e\u0433\u043e"
    }
  },
  {
    "model": "shop.product",
    "pk": 26,
    "fields": {
      "name": "\u0418\u0433\u0440\u043e\u0432\u0430\u044f \u043f\u0440\u0438\u0441\u0442\u0430\u0432\u043a\u0430 Sony PlayStation 5",
      "price": "55000.00",
      "product_number": 55000,
      "img": "media/img/ps5.webp",
      "category": 3,
      "slug": "sps5",
      "description": "\u041b\u0443\u0447\u0448\u0430\u044f \u0438\u0433\u0440\u043e\u0432\u0430\u044f \u043f\u0440\u0438\u0441\u0442\u0430\u0432\u043a\u0430 \u0434\u043b\u044f \u0412\u0430\u0448\u0438\u0445 \u0434\u0435\u0442\u0435\u0439 (\u0445\u0430-\u0445\u0430)"
    }
  },
  {
    "model": "shop.product",
    "pk": 27,
    "fields": {
      "name": "\u041d\u043e\u0443\u0442\u0431\u0443\u043a Lenovo ThinkPad X1 Yoga",
      "price": "185000.00",
      "product_number": 322115,
      "img": "media/img/notebook_lenova.jpg",
      "category": 1,
      "slug": "notebook_lenovo",
      "description": "\u0423\u0436\u0435 \u043c\u043d\u043e\u0433\u043e \u043b\u0435\u0442 \u043b\u0438\u043d\u0435\u0439\u043a\u0430 ThinkPad \u043e\u0431\u043b\u0430\u0434\u0430\u0435\u0442 \u043b\u0435\u0433\u043a\u043e \u0443\u0437\u043d\u0430\u0432\u0430\u0435\u043c\u044b\u043c \u0441\u0442\u0438\u043b\u0435\u043c, \u043e\u0441\u043e\u0431\u0435\u043d\u043d\u043e \u043c\u043e\u0434\u0435\u043b\u0438 X1, \u043a\u043e\u0440\u043f\u0443\u0441 \u043a\u043e\u0442\u043e\u0440\u044b\u0445 \u0441\u0434\u0435\u043b\u0430\u043d \u0438\u0437 \u043c\u0430\u0433\u043d\u0438\u0435\u0432\u043e\u0433\u043e \u0441\u043f\u043b\u0430\u0432\u0430 \u0438 \u0443\u0433\u043b\u0435\u0440\u043e\u0434\u043d\u043e\u0433\u043e \u0432\u043e\u043b\u043e\u043a\u043d\u0430. \u0411\u043b\u0430\u0433\u043e\u0434\u0430\u0440\u044f \u044d\u0442\u043e\u043c\u0443 \u043e\u043d \u043a\u0440\u0435\u043f\u043a\u0438\u0439 \u0438 \u043d\u0430\u0434\u0451\u0436\u043d\u044b\u0439, \u0441 \u0435\u0434\u0438\u043d\u0441\u0442\u0432\u0435\u043d\u043d\u044b\u043c \u043d\u0435\u0434\u043e\u0441\u0442\u0430\u0442\u043a\u043e\u043c \u0432 \u043e\u0442\u0441\u0443\u0442\u0441\u0442\u0432\u0438\u0438 \u0442\u0440\u0430\u043d\u0441\u0444\u043e\u0440\u043c\u0430\u0446\u0438\u0438."
    }
  },
  {
    "model": "articles.article",
    "pk": 1,
    "fields": {
      "title": "Xiaomi \u0433\u043e\u0442\u043e\u0432\u0438\u0442 \u0422\u0412-\u0431\u0440\u0435\u043b\u043e\u043a \u0438 \u0440\u044f\u0434 \u0434\u0440\u0443\u0433\u0438\u0445 \u043d\u043e\u0432\u0438\u043d\u043e\u043a \u0434\u043b\u044f \u0435\u0432\u0440\u043e\u043f\u0435\u0439\u0441\u043a\u043e\u0433\u043e \u0440\u044b\u043d\u043a\u0430",
      "text": "\u0412 \u0440\u0430\u0441\u043f\u043e\u0440\u044f\u0436\u0435\u043d\u0438\u0438 \u0438\u043d\u0442\u0435\u0440\u043d\u0435\u0442-\u0438\u0441\u0442\u043e\u0447\u043d\u0438\u043a\u043e\u0432 \u043e\u043a\u0430\u0437\u0430\u043b\u0430\u0441\u044c \u0438\u043d\u0444\u043e\u0440\u043c\u0430\u0446\u0438\u044f \u043e \u043f\u043b\u0430\u043d\u0430\u0445 \u043a\u0438\u0442\u0430\u0439\u0441\u043a\u043e\u0439 \u043a\u043e\u043c\u043f\u0430\u043d\u0438\u0438 Xiaomi \u043f\u043e \u0432\u044b\u043f\u0443\u0441\u043a\u0443 \u043d\u043e\u0432\u044b\u0445 \u043f\u0440\u043e\u0434\u0443\u043a\u0442\u043e\u0432 \u0434\u043b\u044f \u0435\u0432\u0440\u043e\u043f\u0435\u0439\u0441\u043a\u0438\u0445 \u0441\u0442\u0440\u0430\u043d.\r\n\r\n\r\n\u0412 \u0447\u0430\u0441\u0442\u043d\u043e\u0441\u0442\u0438, \u0433\u043e\u0442\u043e\u0432\u0438\u0442\u0441\u044f \u0440\u044f\u0434 \u0443\u0441\u0442\u0440\u043e\u0439\u0441\u0442\u0432 \u0434\u043b\u044f \u0441\u043e\u0432\u0440\u0435\u043c\u0435\u043d\u043d\u043e\u0433\u043e \u00ab\u0443\u043c\u043d\u043e\u0433\u043e\u00bb \u0434\u043e\u043c\u0430. \u0422\u0430\u043a, \u0443\u0436\u0435 \u0432 \u043c\u0430\u0435 \u043d\u0430 \u0440\u044b\u043d\u043a\u0435 \u0415\u0432\u0440\u043e\u043f\u044b \u0434\u0435\u0431\u044e\u0442\u0438\u0440\u0443\u0435\u0442 \u043d\u043e\u0432\u044b\u0439 \u0442\u0435\u043b\u0435\u0432\u0438\u0437\u0438\u043e\u043d\u043d\u044b\u0439 \u0431\u0440\u0435\u043b\u043e\u043a Mi TV Stick, \u0430 \u0442\u0430\u043a\u0436\u0435 \u043c\u0430\u0440\u0448\u0440\u0443\u0442\u0438\u0437\u0430\u0442\u043e\u0440 Mi AiOT Router AC2350 \u0434\u043b\u044f \u043e\u0440\u0433\u0430\u043d\u0438\u0437\u0430\u0446\u0438\u0438 \u0432 \u0436\u0438\u043b\u0438\u0449\u0435 \u0431\u0435\u0441\u043f\u0440\u043e\u0432\u043e\u0434\u043d\u043e\u0433\u043e \u043f\u043e\u043a\u0440\u044b\u0442\u0438\u044f Wi-Fi. \u041a\u0440\u043e\u043c\u0435 \u0442\u043e\u0433\u043e, \u0432 \u0441\u043b\u0435\u0434\u0443\u044e\u0449\u0435\u043c \u043c\u0435\u0441\u044f\u0446\u0435 \u0431\u0443\u0434\u0435\u0442 \u0432\u044b\u043f\u0443\u0449\u0435\u043d \u0440\u043e\u0431\u043e\u0442\u0438\u0437\u0438\u0440\u043e\u0432\u0430\u043d\u043d\u044b\u0439 \u043f\u044b\u043b\u0435\u0441\u043e\u0441 Mi Robot Vaccum Mop 1C.\r\n<br>\r\n<img src=\"https://3dnews.ru/assets/external/illustrations/2020/04/17/1008677/mi2.jpg\"</img>\r\n<br>\r\n\u041d\u0430 \u0438\u044e\u043d\u044c \u043d\u0430\u043c\u0435\u0447\u0435\u043d \u0430\u043d\u043e\u043d\u0441 \u00ab\u0443\u043c\u043d\u043e\u0433\u043e\u00bb \u0432\u0435\u043d\u0442\u0438\u043b\u044f\u0442\u043e\u0440\u0430 Mi Smart Standing Fan 1C, \u043a\u0430\u043c\u0435\u0440\u044b \u0432\u0438\u0434\u0435\u043e\u043d\u0430\u0431\u043b\u044e\u0434\u0435\u043d\u0438\u044f Mi Home Security Camera 1080p \u0441 \u043c\u0430\u0433\u043d\u0438\u0442\u043d\u044b\u043c \u043a\u0440\u0435\u043f\u043b\u0435\u043d\u0438\u0435\u043c, \u0441\u043c\u0430\u0440\u0442-\u043b\u0430\u043c\u043f\u044b Mi LED Smart Bulb White, \u0446\u0435\u043d\u0442\u0440\u0430 \u0443\u043f\u0440\u0430\u0432\u043b\u0435\u043d\u0438\u044f \u00ab\u0443\u043c\u043d\u044b\u043c\u00bb \u0434\u043e\u043c\u043e\u043c Mi Smart Home Hub, \u0430 \u0442\u0430\u043a\u0436\u0435 \u043c\u043e\u043d\u0438\u0442\u043e\u0440\u0430 \u0442\u0435\u043c\u043f\u0435\u0440\u0430\u0442\u0443\u0440\u044b \u0438 \u0432\u043b\u0430\u0436\u043d\u043e\u0441\u0442\u0438 Mi Temperature and Humidity Monitor 2.\r\n\r\n\r\n\u0412 \u0438\u044e\u043b\u0435 \u043d\u0430 \u0435\u0432\u0440\u043e\u043f\u0435\u0439\u0441\u043a\u043e\u043c \u0440\u044b\u043d\u043a\u0435 \u0434\u043e\u043b\u0436\u043d\u044b \u0434\u0435\u0431\u044e\u0442\u0438\u0440\u043e\u0432\u0430\u0442\u044c \u0441\u043a\u0443\u0442\u0435\u0440\u044b \u0441 \u044d\u043b\u0435\u043a\u0442\u0440\u0438\u0447\u0435\u0441\u043a\u0438\u043c \u043f\u0440\u0438\u0432\u043e\u0434\u043e\u043c Mi Electric Scooter 1S, Mi Electric Scooter Lite \u0438 Mi Electric Scooter Pro 2. \u0411\u0443\u0434\u0443\u0442 \u0442\u0430\u043a\u0436\u0435 \u0432\u044b\u043f\u0443\u0449\u0435\u043d\u044b \u0432\u0435\u043d\u0442\u0438\u043b\u044f\u0442\u043e\u0440 Mi Smart Standing Fan Pro, \u0440\u043e\u0431\u043e\u0442-\u043f\u044b\u043b\u0435\u0441\u043e\u0441 Mi Robot Vacuum Mop Essential \u0438 \u043f\u043e\u0440\u0442\u0430\u0442\u0438\u0432\u043d\u044b\u0439 \u0444\u043e\u0442\u043e\u043f\u0440\u0438\u043d\u0442\u0435\u0440 Mi Portable Photo Printer.\r\n\r\n\u041e\u0447\u0435\u0432\u0438\u0434\u043d\u043e, \u0447\u0442\u043e Xiaomi \u0442\u0430\u043a\u0436\u0435 \u0433\u043e\u0442\u043e\u0432\u0438\u0442 \u0434\u043b\u044f \u0415\u0432\u0440\u043e\u043f\u044b \u0440\u044f\u0434 \u043d\u043e\u0432\u044b\u0445 \u0441\u043c\u0430\u0440\u0442\u0444\u043e\u043d\u043e\u0432, \u043d\u043e \u043a\u043e\u043d\u043a\u0440\u0435\u0442\u043d\u044b\u0435 \u043c\u043e\u0434\u0435\u043b\u0438 \u043f\u043e\u043a\u0430 \u043d\u0435 \u043d\u0430\u0437\u044b\u0432\u0430\u044e\u0442\u0441\u044f. \u041a\u0440\u043e\u043c\u0435 \u0442\u043e\u0433\u043e, \u043a\u043e\u043c\u043f\u0430\u043d\u0438\u044f \u043c\u043e\u0436\u0435\u0442 \u0432\u044b\u043f\u0443\u0441\u0442\u0438\u0442\u044c \u043d\u043e\u0432\u044b\u0435 \u0441\u043c\u0430\u0440\u0442-\u0442\u0435\u043b\u0435\u0432\u0438\u0437\u043e\u0440\u044b. \r\n\r\n\u0418\u0441\u0442\u043e\u0447\u043d\u0438\u043a:\r\n\r\nfonearena.com",
      "published": "2020-07-12T17:36:56.695Z",
      "products": []
    }
  },
  {
    "model": "articles.article",
    "pk": 2,
    "fields": {
      "title": "\u0423\u0442\u0435\u0447\u043a\u0430 \u043f\u043e\u043a\u0430\u0437\u0430\u043b\u0430 PlayStation 5 \u0432 \u0447\u0451\u0440\u043d\u043e-\u043a\u0440\u0430\u0441\u043d\u043e\u043c \u0434\u0438\u0437\u0430\u0439\u043d\u0435 \u2014 \u043f\u043e\u043b\u044c\u0437\u043e\u0432\u0430\u0442\u0435\u043b\u0438 \u0432 \u0432\u043e\u0441\u0442\u043e\u0440\u0433\u0435",
      "text": "\u041f\u043e\u0441\u043b\u0435 \u0442\u043e\u0433\u043e \u043a\u0430\u043a Sony \u043f\u0440\u043e\u0434\u0435\u043c\u043e\u043d\u0441\u0442\u0440\u0438\u0440\u043e\u0432\u0430\u043b\u0430 PlayStation 5 \u043d\u0430 \u043c\u0435\u0440\u043e\u043f\u0440\u0438\u044f\u0442\u0438\u0438 Future of Gaming, \u0445\u0443\u0434\u043e\u0436\u043d\u0438\u043a\u0438 \u0438 \u0444\u0430\u043d\u0430\u0442\u044b \u0441\u043e \u0432\u0441\u0435\u0433\u043e \u043c\u0438\u0440\u0430 \u043d\u0430\u0447\u0430\u043b\u0438 \u0434\u0435\u043c\u043e\u043d\u0441\u0442\u0440\u0438\u0440\u043e\u0432\u0430\u0442\u044c \u0441\u043e\u0431\u0441\u0442\u0432\u0435\u043d\u043d\u044b\u0435 \u0430\u043b\u044c\u0442\u0435\u0440\u043d\u0430\u0442\u0438\u0432\u043d\u044b\u0435 \u0434\u0438\u0437\u0430\u0439\u043d\u044b \u043a\u043e\u043d\u0441\u043e\u043b\u0438. \u041f\u0430\u0440\u0430\u043b\u043b\u0435\u043b\u044c\u043d\u043e \u043f\u0440\u0435\u0434\u0441\u0442\u0430\u0432\u0438\u0442\u0435\u043b\u0438 \u044f\u043f\u043e\u043d\u0441\u043a\u043e\u0439 \u043a\u043e\u043c\u043f\u0430\u043d\u0438\u0438 \u043f\u043e\u043e\u0431\u0435\u0449\u0430\u043b\u0438, \u0447\u0442\u043e PS5 \u0431\u0443\u0434\u0435\u0442 \u0438\u043c\u0435\u0442\u044c \u0440\u0430\u0437\u043d\u044b\u0435 \u0432\u0430\u0440\u0438\u0430\u043d\u0442\u044b \u043e\u0444\u043e\u0440\u043c\u043b\u0435\u043d\u0438\u044f. \u0418 \u0431\u043b\u0430\u0433\u043e\u0434\u0430\u0440\u044f \u043d\u0435\u0434\u0430\u0432\u043d\u043e \u0443\u0442\u0451\u043a\u0448\u0435\u043c\u0443 \u0432 \u0421\u0435\u0442\u044c \u0444\u043e\u0442\u043e \u0441\u0442\u0430\u043b \u0438\u0437\u0432\u0435\u0441\u0442\u0435\u043d \u043e\u0434\u0438\u043d \u0438\u0437 \u043d\u0438\u0445.\r\n\r\n<img src=\"https://3dnews.ru/assets/external/illustrations/2020/07/10/1015416/sm.OaTSQ1j.750.jpg\"</img>\r\n<br>\r\n\u041f\u043e\u043b\u044c\u0437\u043e\u0432\u0430\u0442\u0435\u043b\u044c \u0444\u043e\u0440\u0443\u043c\u0430 ResetEra \u043f\u043e\u0434 \u043d\u0438\u043a\u043e\u043c BarrBarr \u043e\u043f\u0443\u0431\u043b\u0438\u043a\u043e\u0432\u0430\u043b \u0441\u043d\u0438\u043c\u043e\u043a, \u043d\u0430 \u043a\u043e\u0442\u043e\u0440\u043e\u043c \u043f\u043e\u043a\u0430\u0437\u0430\u043d\u0430 \u043f\u0440\u043e\u0434\u0443\u043a\u0446\u0438\u044f Sony, \u0432 \u0442\u043e\u043c \u0447\u0438\u0441\u043b\u0435 PlayStation 5 \u0438 \u043a\u043e\u043d\u0442\u0440\u043e\u043b\u043b\u0435\u0440 DualSense. \u041a\u043e\u043d\u0441\u043e\u043b\u044c \u043e\u0444\u043e\u0440\u043c\u043b\u0435\u043d\u0430 \u0432 \u0447\u0451\u0440\u043d\u043e\u043c \u0446\u0432\u0435\u0442\u0435 \u0441 \u0432\u043a\u0440\u0430\u043f\u043b\u0435\u043d\u0438\u044f\u043c\u0438 \u043a\u0440\u0430\u0441\u043d\u043e\u0433\u043e, \u043a\u0430\u043a \u0438 \u0433\u0435\u0439\u043c\u043f\u0430\u0434 \u0434\u043b\u044f \u043d\u0435\u0451. \u041f\u043e \u0441\u043b\u043e\u0432\u0430\u043c BarrBarr, \u043f\u0440\u043e\u0434\u0435\u043c\u043e\u043d\u0441\u0442\u0440\u0438\u0440\u043e\u0432\u0430\u043d\u043d\u0430\u044f \u043a\u0430\u0440\u0442\u0438\u043d\u043a\u0430 \u2014 \u044d\u0442\u043e \u0447\u0430\u0441\u0442\u044c \u0440\u0435\u043a\u043b\u0430\u043c\u043d\u043e\u0433\u043e \u0438\u0437\u043e\u0431\u0440\u0430\u0436\u0435\u043d\u0438\u044f, \u043f\u043e\u043b\u0443\u0447\u0435\u043d\u043d\u043e\u0433\u043e \u043a\u043e\u043c\u043f\u0430\u043d\u0438\u0435\u0439, \u0432 \u043a\u043e\u0442\u043e\u0440\u043e\u0439 \u043e\u043d \u0440\u0430\u0431\u043e\u0442\u0430\u0435\u0442.\r\n\r\n\r\n\r\n\r\n\u041e\u0444\u0438\u0446\u0438\u0430\u043b\u044c\u043d\u044b\u0435 \u0437\u0430\u044f\u0432\u043b\u0435\u043d\u0438\u044f \u043e PlayStation 5 \u0432 \u0447\u0451\u0440\u043d\u043e-\u043a\u0440\u0430\u0441\u043d\u043e\u043c \u0446\u0432\u0435\u0442\u0435 \u043f\u043e\u043a\u0430 \u043d\u0435 \u043f\u043e\u0441\u0442\u0443\u043f\u0430\u043b\u0438. \u0422\u0435\u043c \u0432\u0440\u0435\u043c\u0435\u043d\u0435\u043c \u043f\u043e\u043b\u044c\u0437\u043e\u0432\u0430\u0442\u0435\u043b\u0438 \u0444\u043e\u0440\u0443\u043c\u0430 ResetEra \u043e\u0441\u0442\u0430\u043b\u0438\u0441\u044c \u0432 \u0432\u043e\u0441\u0442\u043e\u0440\u0433\u0435 \u043e\u0442 \u0442\u0430\u043a\u043e\u0433\u043e \u0434\u0438\u0437\u0430\u0439\u043d\u0430. \u041c\u043d\u043e\u0433\u0438\u0435 \u0432\u044b\u0440\u0430\u0437\u0438\u043b\u0438 \u043d\u0430\u0434\u0435\u0436\u0434\u0443, \u0447\u0442\u043e \u0432 \u043a\u043e\u043d\u0435\u0447\u043d\u043e\u043c \u0438\u0442\u043e\u0433\u0435 \u043f\u043e\u043a\u0430\u0437\u0430\u043d\u043d\u044b\u0439 \u0432\u0430\u0440\u0438\u0430\u043d\u0442 \u043e\u0444\u043e\u0440\u043c\u043b\u0435\u043d\u0438\u044f PS5 \u043f\u043e\u0434\u0442\u0432\u0435\u0440\u0434\u0438\u0442\u0441\u044f.   \r\n\r\n\r\n\u041a\u043e\u043d\u0441\u043e\u043b\u044c \u0441\u043b\u0435\u0434\u0443\u044e\u0449\u0435\u0433\u043e \u043f\u043e\u043a\u043e\u043b\u0435\u043d\u0438\u044f \u043e\u0442 Sony \u043f\u043e\u044f\u0432\u0438\u0442\u0441\u044f \u043d\u0430 \u043f\u043e\u043b\u043a\u0430\u0445 \u043c\u0430\u0433\u0430\u0437\u0438\u043d\u043e\u0432 \u0432 \u043f\u0440\u0435\u0434\u0434\u0432\u0435\u0440\u0438\u0438 \u043d\u043e\u0432\u043e\u0433\u043e\u0434\u043d\u0438\u0445 \u043f\u0440\u0430\u0437\u0434\u043d\u0438\u043a\u043e\u0432 2020 \u0433\u043e\u0434\u0430 \u0432 \u0434\u0432\u0443\u0445 \u0432\u0435\u0440\u0441\u0438\u044f\u0445 \u2014 \u0441 Blu-Ray \u043f\u0440",
      "published": "2020-07-12T17:42:42.504Z",
      "products": []
    }
  },
  {
    "model": "articles.article",
    "pk": 3,
    "fields": {
      "title": "Google \u0432\u044b\u043f\u0443\u0441\u0442\u0438\u043b\u0430 \u0431\u0435\u0441\u043f\u0440\u043e\u0432\u043e\u0434\u043d\u044b\u0435 \u043d\u0430\u0443\u0448\u043d\u0438\u043a\u0438 Pixel Buds 2 \u043d\u0430 \u043c\u0435\u0436\u0434\u0443\u043d\u0430\u0440\u043e\u0434\u043d\u044b\u0439 \u0440\u044b\u043d\u043e\u043a",
      "text": "\u0412 \u043a\u043e\u043d\u0446\u0435 \u0430\u043f\u0440\u0435\u043b\u044f Google \u043f\u0440\u0435\u0434\u0441\u0442\u0430\u0432\u0438\u043b\u0430 \u0431\u0435\u0441\u043f\u0440\u043e\u0432\u043e\u0434\u043d\u044b\u0435 \u043d\u0430\u0443\u0448\u043d\u0438\u043a\u0438 Pixel Buds 2. \u0421 \u0442\u043e\u0433\u043e \u043c\u043e\u043c\u0435\u043d\u0442\u0430 \u0443\u0441\u0442\u0440\u043e\u0439\u0441\u0442\u0432\u043e \u043f\u0440\u043e\u0434\u0430\u0432\u0430\u043b\u043e\u0441\u044c \u0438\u0441\u043a\u043b\u044e\u0447\u0438\u0442\u0435\u043b\u044c\u043d\u043e \u043d\u0430 \u0442\u0435\u0440\u0440\u0438\u0442\u043e\u0440\u0438\u0438 \u0421\u0428\u0410, \u043e\u0434\u043d\u0430\u043a\u043e \u0441 \u0441\u0435\u0433\u043e\u0434\u043d\u044f\u0448\u043d\u0435\u0433\u043e \u0434\u043d\u044f \u043d\u0430\u0443\u0448\u043d\u0438\u043a\u0438 \u0441\u0442\u0430\u043b\u0438 \u0434\u043e\u0441\u0442\u0443\u043f\u043d\u044b \u0435\u0449\u0451 \u0432 \u0434\u0435\u0432\u044f\u0442\u0438 \u0441\u0442\u0440\u0430\u043d\u0430\u0445. \u041a \u0441\u043e\u0436\u0430\u043b\u0435\u043d\u0438\u044e, \u043f\u043e\u043a\u0430 Pixel Buds \u0432\u0442\u043e\u0440\u043e\u0433\u043e \u043f\u043e\u043a\u043e\u043b\u0435\u043d\u0438\u044f \u0434\u043e\u0441\u0442\u0443\u043f\u043d\u044b \u0442\u043e\u043b\u044c\u043a\u043e \u0432 \u0431\u0435\u043b\u043e\u043c \u0446\u0432\u0435\u0442\u0435.\r\n<br>\r\n<img src=\"https://3dnews.ru/assets/external/illustrations/2020/07/13/1015599/324323.jpg\"></img>\r\n<br>\r\n\u0412 \u0434\u0430\u043d\u043d\u044b\u0439 \u043c\u043e\u043c\u0435\u043d\u0442 \u043d\u0430\u0443\u0448\u043d\u0438\u043a\u0438, \u043a\u0440\u043e\u043c\u0435 \u0421\u0428\u0410, \u0434\u043e\u0441\u0442\u0443\u043f\u043d\u044b \u0442\u043e\u043b\u044c\u043a\u043e \u0432 \u0412\u0435\u043b\u0438\u043a\u043e\u0431\u0440\u0438\u0442\u0430\u043d\u0438\u0438, \u041a\u0430\u043d\u0430\u0434\u0435, \u0424\u0440\u0430\u043d\u0446\u0438\u0438, \u0410\u0432\u0441\u0442\u0440\u0430\u043b\u0438\u0438, \u0413\u0435\u0440\u043c\u0430\u043d\u0438\u0438, \u0418\u0440\u043b\u0430\u043d\u0434\u0438\u0438, \u0418\u0442\u0430\u043b\u0438\u0438 \u0421\u0438\u043d\u0433\u0430\u043f\u0443\u0440\u0435 \u0438 \u0418\u0441\u043f\u0430\u043d\u0438\u0438. \u041e\u0434\u043d\u0430\u043a\u043e \u0435\u0441\u0442\u044c \u0432\u0435\u0440\u043e\u044f\u0442\u043d\u043e\u0441\u0442\u044c, \u0447\u0442\u043e \u0432 \u0441\u043a\u043e\u0440\u043e\u043c \u0432\u0440\u0435\u043c\u0435\u043d\u0438 \u0432\u044b\u0439\u0434\u0435\u0442 \u043d\u0430 \u0440\u044b\u043d\u043a\u0438 \u0434\u0440\u0443\u0433\u0438\u0445 \u0441\u0442\u0440\u0430\u043d. \u0422\u0430\u043a\u0436\u0435 \u043e\u0436\u0438\u0434\u0430\u0435\u0442\u0441\u044f \u043f\u043e\u044f\u0432\u043b\u0435\u043d\u0438\u0435 Pixel Buds \u0432\u0442\u043e\u0440\u043e\u0433\u043e \u043f\u043e\u043a\u043e\u043b\u0435\u043d\u0438\u044f \u0432 \u0447\u0451\u0440\u043d\u043e\u043c, \u043e\u0440\u0430\u043d\u0436\u0435\u0432\u043e\u043c \u0438 \u043c\u044f\u0442\u043d\u043e-\u0437\u0435\u043b\u0451\u043d\u043e\u043c \u0446\u0432\u0435\u0442\u0430\u0445.\r\n\r\n\u0427\u0442\u043e \u043a\u0430\u0441\u0430\u0435\u0442\u0441\u044f \u0442\u0435\u0445\u043d\u0438\u0447\u0435\u0441\u043a\u0438\u0445 \u0445\u0430\u0440\u0430\u043a\u0442\u0435\u0440\u0438\u0441\u0442\u0438\u043a, \u043d\u0430\u0443\u0448\u043d\u0438\u043a\u0438 \u043e\u0441\u043d\u0430\u0449\u0430\u044e\u0442\u0441\u044f 12-\u043c\u043c \u0434\u0438\u043d\u0430\u043c\u0438\u0447\u0435\u0441\u043a\u0438\u043c\u0438 \u0434\u0440\u0430\u0439\u0432\u0435\u0440\u0430\u043c\u0438 \u0438 \u0437\u0430\u0449\u0438\u0449\u0435\u043d\u044b \u043e\u0442 \u043f\u043e\u043f\u0430\u0434\u0430\u043d\u0438\u044f \u0432\u043b\u0430\u0433\u0438 \u0432\u043d\u0443\u0442\u0440\u044c \u043a\u043e\u0440\u043f\u0443\u0441\u0430 \u043f\u043e \u0441\u0442\u0430\u043d\u0434\u0430\u0440\u0442\u0443 IPX4. \u0412 \u043a\u0430\u0436\u0434\u043e\u043c \u0438\u0437 \u043d\u0430\u0443\u0448\u043d\u0438\u043a\u043e\u0432 \u0440\u0430\u0441\u043f\u043e\u043b\u043e\u0436\u0435\u043d\u044b \u043f\u043e \u0434\u0432\u0430 \u0440\u0430\u0437\u043d\u043e\u043d\u0430\u043f\u0440\u0430\u0432\u043b\u0435\u043d\u043d\u044b\u0445 \u043c\u0438\u043a\u0440\u043e\u0444\u043e\u043d\u0430, \u043e\u0431\u0435\u0441\u043f\u0435\u0447\u0438\u0432\u0430\u044e\u0449\u0438\u0445 \u044d\u0444\u0444\u0435\u043a\u0442\u0438\u0432\u043d\u0443\u044e \u0440\u0430\u0431\u043e\u0442\u0443 \u0441\u0438\u0441\u0442\u0435\u043c\u044b \u0448\u0443\u043c\u043e\u043f\u043e\u0434\u0430\u0432\u043b\u0435\u043d\u0438\u044f. \u041a\u0440\u043e\u043c\u0435 \u0442\u043e\u0433\u043e, \u0432 \u043a\u0430\u0436\u0434\u043e\u043c \u0438\u0437 \u043d\u0430\u0443\u0448\u043d\u0438\u043a\u043e\u0432 \u0443\u0441\u0442\u0430\u043d\u043e\u0432\u043b\u0435\u043d\u044b \u0438\u043d\u0444\u0440\u0430\u043a\u0440\u0430\u0441\u043d\u044b\u0435 \u0434\u0430\u0442\u0447\u0438\u043a\u0438 \u043f\u0440\u0438\u0431\u043b\u0438\u0436\u0435\u043d\u0438\u044f, \u0431\u043b\u0430\u0433\u043e\u0434\u0430\u0440\u044f \u0447\u0435\u043c\u0443 \u0432\u043e\u0441\u043f\u0440\u043e\u0438\u0437\u0432\u0435\u0434\u0435\u043d\u0438\u0435 \u043f\u0440\u0438\u043e\u0441\u0442\u0430\u043d\u0430\u0432\u043b\u0438\u0432\u0430\u0435\u0442\u0441\u044f \u043f\u0440\u0438 \u0438\u0437\u0432\u043b\u0435\u0447\u0435\u043d\u0438\u0438 \u0438\u0445 \u0438\u0437 \u0443\u0448\u0435\u0439.\r\n\r\n\u041e\u0442 \u043e\u0434\u043d\u043e\u0439 \u0437\u0430\u0440\u044f\u0434\u043a\u0438 \u043d\u0430\u0443\u0448\u043d\u0438\u043a\u0438 \u0441\u043f\u043e\u0441\u043e\u0431\u043d\u044b \u043f\u0440\u043e\u0440\u0430\u0431\u043e\u0442\u0430\u0442\u044c \u043f\u044f\u0442\u044c \u0447\u0430\u0441\u043e\u0432 \u0432 \u0440\u0435\u0436\u0438\u043c\u0435 \u0432\u043e\u0441\u043f\u0440\u043e\u0438\u0437\u0432\u0435\u0434\u0435\u043d\u0438\u044f \u043c\u0443\u0437\u044b\u043a\u0438 \u0438 \u0432 \u0434\u0432\u0430 \u0440\u0430\u0437\u0430 \u0434\u043e\u043b\u044c\u0448\u0435 \u0432 \u0440\u0435\u0436\u0438\u043c\u0435 \u0440\u0430\u0437\u0433\u043e\u0432\u043e\u0440\u0430. \u0417\u0430\u0440\u044f\u0434\u043d\u044b\u0439 \u043a\u0435\u0439\u0441 \u043f\u0440\u043e\u0434\u043b\u0435\u0432\u0430\u0435\u0442 \u044d\u0442\u043e \u0432\u0440\u0435\u043c\u044f \u0434\u043e 24 \u0447\u0430\u0441\u043e\u0432.\r\n\r\n\u0418\u0441\u0442\u043e\u0447\u043d\u0438\u043a:\r\n\r\n9to5 Google",
      "published": "2020-07-13T18:30:21.702Z",
      "products": []
    }
  },
  {
    "model": "articles.article",
    "pk": 4,
    "fields": {
      "title": "Honor 20 \u0438 20 Pro \u043e\u0431\u043d\u043e\u0432\u0438\u043b\u0438\u0441\u044c \u0434\u043e Magic UI 3.1",
      "text": "Huawei \u043f\u0440\u0435\u0434\u0441\u0442\u0430\u0432\u0438\u043b\u0430 \u0444\u0438\u0440\u043c\u0435\u043d\u043d\u0443\u044e \u043f\u0440\u043e\u0448\u0438\u0432\u043a\u0443 EMUI 10.1 \u0438 \u043f\u0440\u0430\u043a\u0442\u0438\u0447\u0435\u0441\u043a\u0438 \u0438\u0434\u0435\u043d\u0442\u0438\u0447\u043d\u0443\u044e \u0435\u0439, \u043e\u0434\u043d\u0430\u043a\u043e \u043f\u0440\u0435\u0434\u043d\u0430\u0437\u043d\u0430\u0447\u0435\u043d\u043d\u0443\u044e \u0434\u043b\u044f \u0441\u043c\u0430\u0440\u0442\u0444\u043e\u043d\u043e\u0432 Honor Magic UI 3.1 \u0432\u043c\u0435\u0441\u0442\u0435 \u0441\u043e \u0441\u043c\u0430\u0440\u0442\u0444\u043e\u043d\u0430\u043c\u0438 \u0441\u0435\u0440\u0438\u0438 P40 \u0432 \u043d\u0430\u0447\u0430\u043b\u0435 \u044d\u0442\u043e\u0433\u043e \u0433\u043e\u0434\u0430. \u041f\u043e \u043c\u0435\u0440\u0435 \u0442\u043e\u0433\u043e, \u043a\u0430\u043a \u0440\u0430\u0437\u0432\u0451\u0440\u0442\u044b\u0432\u0430\u043d\u0438\u0435 \u043d\u043e\u0432\u044b\u0445 \u043f\u0440\u043e\u0448\u0438\u0432\u043e\u043a \u0432 \u041a\u0438\u0442\u0430\u0435 \u0431\u043b\u0438\u0437\u0438\u0442\u0441\u044f \u043a \u0437\u0430\u0432\u0435\u0440\u0448\u0435\u043d\u0438\u044e, \u043a\u043e\u043c\u043f\u0430\u043d\u0438\u044f \u043d\u0430\u0447\u0438\u043d\u0430\u0435\u0442 \u0443\u0434\u0435\u043b\u044f\u0442\u044c \u0432\u043d\u0438\u043c\u0430\u043d\u0438\u044f \u0433\u043b\u043e\u0431\u0430\u043b\u044c\u043d\u044b\u043c \u0432\u0435\u0440\u0441\u0438\u044f\u043c \u0441\u0432\u043e\u0438\u0445 \u0441\u043c\u0430\u0440\u0442\u0444\u043e\u043d\u043e\u0432. \u0422\u0430\u043a\u0438\u043c \u043e\u0431\u0440\u0430\u0437\u043e\u043c, \u0435\u0432\u0440\u043e\u043f\u0435\u0439\u0441\u043a\u0438\u0435 \u043f\u043e\u043b\u044c\u0437\u043e\u0432\u0430\u0442\u0435\u043b\u0438 Honor 20 \u0438 20 Pro \u043d\u0430\u0447\u0430\u043b\u0438 \u043f\u043e\u043b\u0443\u0447\u0430\u0442\u044c Magic UI 3.1.\r\n<br>\r\n<img src=\"https://3dnews.ru/assets/external/illustrations/2020/07/13/1015596/3452353.jpg\"></img>\r\n<br>\r\n\u0417\u0430 \u0438\u0441\u043a\u043b\u044e\u0447\u0435\u043d\u0438\u0435\u043c \u043d\u0435\u043a\u043e\u0442\u043e\u0440\u044b\u0445 \u043d\u0435\u0437\u043d\u0430\u0447\u0438\u0442\u0435\u043b\u044c\u043d\u044b\u0445 \u043e\u0441\u043e\u0431\u0435\u043d\u043d\u043e\u0441\u0442\u0435\u0439, Magic UI 3.1 \u043f\u0440\u0430\u043a\u0442\u0438\u0447\u0435\u0441\u043a\u0438 \u043f\u043e\u043b\u043d\u043e\u0441\u0442\u044c\u044e \u0430\u043d\u0430\u043b\u043e\u0433\u0438\u0447\u043d\u0430 EMUI 10.1. \u041e\u0431\u043d\u043e\u0432\u043b\u0435\u043d\u0438\u0435 \u0434\u043b\u044f \u0441\u043c\u0430\u0440\u0442\u0444\u043e\u043d\u043e\u0432 Honor 20 \u0438 20 Pro \u043d\u043e\u0441\u0438\u0442 \u043d\u043e\u043c\u0435\u0440 \u0441\u0431\u043e\u0440\u043a\u0438 10.1.0.230 \u0438 \u00ab\u0432\u0435\u0441\u0438\u0442\u00bb 4,63 \u0413\u0431\u0430\u0439\u0442. \u041f\u0440\u043e\u0448\u0438\u0432\u043a\u0430 \u0432\u043a\u043b\u044e\u0447\u0430\u0435\u0442 \u0432 \u0441\u0435\u0431\u044f \u0432\u0441\u0435 \u043d\u043e\u0432\u044b\u0435 \u0444\u0443\u043d\u043a\u0446\u0438\u0438, \u043f\u0440\u0435\u0434\u0441\u0442\u0430\u0432\u043b\u0435\u043d\u043d\u044b\u0435 \u0441 \u0441\u0435\u0440\u0438\u0435\u0439 Huawei P40 \u0438 \u0434\u043e\u0431\u0430\u0432\u043b\u0435\u043d\u043d\u044b\u0435 \u0432 \u043f\u043e\u0441\u043b\u0435\u0434\u043d\u0438\u0445 \u0441\u0431\u043e\u0440\u043a\u0430\u0445 EMUI 10.1, \u0432\u043a\u043b\u044e\u0447\u0430\u044f \u0433\u043e\u043b\u043e\u0441\u043e\u0432\u043e\u0439 \u043f\u043e\u043c\u043e\u0449\u043d\u0438\u043a Celia, \u043f\u0440\u0438\u043b\u043e\u0436\u0435\u043d\u0438\u0435 \u0434\u043b\u044f \u0432\u0438\u0434\u0435\u043e\u0432\u044b\u0437\u043e\u0432\u043e\u0432 MeeTime, \u0441\u043e\u0432\u043c\u0435\u0441\u0442\u043d\u0443\u044e \u0440\u0430\u0431\u043e\u0442\u0443 \u043d\u0430 \u043d\u0435\u0441\u043a\u043e\u043b\u044c\u043a\u0438\u0445 \u044d\u043a\u0440\u0430\u043d\u0430\u0445, \u0443\u0434\u043e\u0431\u043d\u044b\u0439 \u043c\u0443\u043b\u044c\u0442\u0438\u043e\u043a\u043e\u043d\u043d\u044b\u0439 \u0440\u0435\u0436\u0438\u043c \u0438 \u043c\u043d\u043e\u0433\u043e\u0435 \u0434\u0440\u0443\u0433\u043e\u0435.\r\n\r\n\u0412 \u043d\u0430\u0441\u0442\u043e\u044f\u0449\u0435\u0435 \u0432\u0440\u0435\u043c\u044f \u043e\u0431\u043d\u043e\u0432\u043b\u0435\u043d\u0438\u0435 \u0440\u0430\u0441\u043f\u0440\u043e\u0441\u0442\u0440\u0430\u043d\u044f\u0435\u0442\u0441\u044f \u043f\u043e\u044d\u0442\u0430\u043f\u043d\u043e \u0432 \u0440\u0430\u0437\u043d\u044b\u0445 \u0441\u0442\u0440\u0430\u043d\u0430\u0445 \u0415\u0432\u0440\u043e\u043f\u044b. \u0415\u0441\u043b\u0438 \u043f\u043e\u043b\u044c\u0437\u043e\u0432\u0430\u0442\u0435\u043b\u0438 \u043d\u0435 \u043e\u0431\u043d\u0430\u0440\u0443\u0436\u0430\u0442 \u0432 \u041f\u041e \u043a\u0440\u0438\u0442\u0438\u0447\u0435\u0441\u043a\u0438\u0445 \u043e\u0448\u0438\u0431\u043e\u043a, \u043f\u0440\u043e\u0448\u0438\u0432\u043a\u0430 \u0441\u0442\u0430\u043d\u0435\u0442 \u0434\u043e\u0441\u0442\u0443\u043f\u043d\u0430 \u0432\u0441\u0435\u043c \u0432\u043b\u0430\u0434\u0435\u043b\u044c\u0446\u0430\u043c \u0433\u043b\u043e\u0431\u0430\u043b\u044c\u043d\u044b\u0445 \u0432\u0435\u0440\u0441\u0438\u0439 Honor 20 \u0438 20 Pro.\r\n\r\n\u0418\u0441\u0442\u043e\u0447\u043d\u0438\u043a:\r\n\r\nGizmonChina",
      "published": "2020-07-13T18:31:28.777Z",
      "products": []
    }
  },
  {
    "model": "articles.article",
    "pk": 5,
    "fields": {
      "title": "\u041e\u0431\u0437\u043e\u0440 \u0438\u0433\u0440 PlayStation 5 \u043f\u043e\u0441\u043b\u0435 \u043f\u0440\u0435\u0437\u0435\u043d\u0442\u0430\u0446\u0438\u0438 Sony",
      "text": "<img src=\"https://static.mvideo.ru/media/Promotions/Promo_Page/2020/June/obzor-igr-ps5/obzor-igr-ps5-top1-d.png\" height=\"400\">\r\n<br>\r\n\r\n\u041d\u043e\u0432\u043e\u0435 \u043f\u043e\u043a\u043e\u043b\u0435\u043d\u0438\u0435 \u0438\u0433\u0440\u043e\u0432\u044b\u0445 \u043a\u043e\u043d\u0441\u043e\u043b\u0435\u0439 \u0443\u0436\u0435 \u0431\u043b\u0438\u0437\u043a\u043e \u2014 \u0434\u043e\u043b\u0433\u043e\u0436\u0434\u0430\u043d\u043d\u0430\u044f Sony PlayStation 5 \u0434\u043e\u043b\u0436\u043d\u0430 \u043f\u043e\u0441\u0442\u0443\u043f\u0438\u0442\u044c \u0432 \u043f\u0440\u043e\u0434\u0430\u0436\u0443 \u0431\u043b\u0438\u0436\u0435 \u043a \u043d\u043e\u0432\u043e\u0433\u043e\u0434\u043d\u0438\u043c \u043f\u0440\u0430\u0437\u0434\u043d\u0438\u043a\u0430\u043c 2020. \u0422\u0430\u043a \u043a\u0430\u043a \u0440\u0435\u0430\u043b\u044c\u043d\u044b\u0445 \u043d\u043e\u0432\u043e\u0441\u0442\u0435\u0439 \u043e\u0431 \u0443\u0441\u0442\u0440\u043e\u0439\u0441\u0442\u0432\u0435 \u0434\u043e \u0441\u0438\u0445 \u043f\u043e\u0440 \u0431\u044b\u043b\u043e \u043d\u0435 \u043e\u0447\u0435\u043d\u044c \u043c\u043d\u043e\u0433\u043e, \u043f\u0440\u0435\u0437\u0435\u043d\u0442\u0430\u0446\u0438\u044f Future of Gaming \u0441\u0442\u0430\u043b\u0430 \u043a\u0440\u0430\u0439\u043d\u0435 \u0432\u0430\u0436\u043d\u044b\u043c \u0441\u043e\u0431\u044b\u0442\u0438\u0435\u043c. \u0412 \u044d\u0442\u043e\u043c \u043e\u0431\u0437\u043e\u0440\u0435 \u2014 \u0441\u0430\u043c\u043e\u0435 \u0432\u0430\u0436\u043d\u043e\u0435 \u0438\u0437 \u0442\u043e\u0433\u043e, \u0447\u0442\u043e Sony \u043f\u043e\u043a\u0430\u0437\u0430\u043b\u0438 \u043f\u043e\u0437\u0434\u043d\u0438\u043c \u0432\u0435\u0447\u0435\u0440\u043e\u043c 11 \u0438\u044e\u043d\u044f. \u0421\u044d\u043a\u043e\u043d\u043e\u043c\u0438\u043c \u0432\u0430\u043c \u0447\u0430\u0441 \u0432\u0440\u0435\u043c\u0435\u043d\u0438 \u043d\u0430 \u043f\u043e\u0438\u0441\u043a\u0435 \u0432 \u0441\u0442\u0435\u0442\u0438 \u0438 \u043f\u0440\u043e\u0441\u043c\u043e\u0442\u0440\u0435, \u0432\u0435\u0434\u044c \u0441\u043e\u0432\u0441\u0435\u043c \u0441\u043a\u043e\u0440\u043e \u0435\u0433\u043e \u043c\u043e\u0436\u043d\u043e \u0431\u0443\u0434\u0435\u0442 \u00ab\u0438\u043d\u0432\u0435\u0441\u0442\u0438\u0440\u043e\u0432\u0430\u0442\u044c\u00bb \u0432 \u043d\u0430\u0441\u0442\u043e\u044f\u0449\u0438\u0435 \u043d\u0435\u043a\u0441\u0442-\u0433\u0435\u043d \u0438\u0433\u0440\u044b.",
      "published": "2020-08-13T19:51:32.260Z",
      "products": [
        26
      ]
    }
  },
  {
    "model": "articles.article",
    "pk": 6,
    "fields": {
      "title": "\u041d\u043e\u0443\u0442\u0431\u0443\u043a Lenovo ThinkPad X1 Yoga 4",
      "text": "Lenovo \u0432\u044b\u043f\u0443\u0441\u0442\u0438\u043b\u0430 \u043e\u0447\u0435\u0440\u0435\u0434\u043d\u043e\u0439 \u043d\u043e\u0443\u0442\u0431\u0443\u043a \u043b\u0438\u043d\u0435\u0439\u043a\u0438 ThinkPad, \u043d\u043e \u0432 \u044d\u0442\u043e\u0442 \u0440\u0430\u0437 \u0440\u0435\u0448\u0438\u043b\u0430 \u043e\u0442\u043e\u0439\u0442\u0438 \u043e\u0442 \u0442\u0440\u0430\u0434\u0438\u0446\u0438\u043e\u043d\u043d\u043e\u0433\u043e \u0434\u0438\u0437\u0430\u0439\u043d\u0430 \u043b\u0438\u043d\u0435\u0439\u043a\u0438 \u0438 \u0447\u0443\u0442\u044c \u0440\u0430\u0441\u0448\u0438\u0440\u0438\u0442\u044c \u0446\u0435\u043b\u0435\u0432\u0443\u044e \u0430\u0443\u0434\u0438\u0442\u043e\u0440\u0438\u044e. Lenovo ThinkPad X1 Yoga Gen 4 \u2013 \u0441\u0442\u0440\u043e\u0439\u043d\u044b\u0439 \u043c\u0435\u0442\u0430\u043b\u043b\u0438\u0447\u0435\u0441\u043a\u0438\u0439 \u043d\u043e\u0443\u0442\u0431\u0443\u043a \u0441 4K-\u0434\u0438\u0441\u043f\u043b\u0435\u0435\u043c \u0438 \u043f\u0440\u043e\u0446\u0435\u0441\u0441\u043e\u0440\u043e\u043c 8-\u0433\u043e \u043f\u043e\u043a\u043e\u043b\u0435\u043d\u0438\u044f Core i7 \u043f\u043e \u0432\u043d\u0443\u0448\u0438\u0442\u0435\u043b\u044c\u043d\u043e\u0439 \u0446\u0435\u043d\u0435 \u043e\u0442 120 \u0442\u044b\u0441. \u0440.",
      "published": "2020-08-13T20:03:45.585Z",
      "products": [
        27
      ]
    }
  },
  {
    "model": "orders.order",
    "pk": 1,
    "fields": {
      "customer": 1,
      "created": "2020-08-09T16:15:31.396Z"
    }
  },
  {
    "model": "orders.order",
    "pk": 2,
    "fields": {
      "customer": 1,
      "created": "2020-08-09T16:26:00.580Z"
    }
  },
  {
    "model": "orders.order",
    "pk": 3,
    "fields": {
      "customer": 1,
      "created": "2020-08-09T16:27:32.041Z"
    }
  },
  {
    "model": "orders.order",
    "pk": 4,
    "fields": {
      "customer": 1,
      "created": "2020-08-09T16:27:49.282Z"
    }
  },
  {
    "model": "orders.order",
    "pk": 5,
    "fields": {
      "customer": 1,
      "created": "2020-08-09T16:28:11.903Z"
    }
  },
  {
    "model": "orders.order",
    "pk": 6,
    "fields": {
      "customer": 1,
      "created": "2020-08-09T16:28:56.267Z"
    }
  },
  {
    "model": "orders.order",
    "pk": 7,
    "fields": {
      "customer": 1,
      "created": "2020-08-10T17:25:14.212Z"
    }
  },
  {
    "model": "orders.order",
    "pk": 8,
    "fields": {
      "customer": 1,
      "created": "2020-08-11T06:30:14.334Z"
    }
  },
  {
    "model": "orders.order",
    "pk": 9,
    "fields": {
      "customer": 3,
      "created": "2020-08-13T18:48:22.399Z"
    }
  },
  {
    "model": "orders.order",
    "pk": 10,
    "fields": {
      "customer": 5,
      "created": "2020-08-13T19:43:56.042Z"
    }
  },
  {
    "model": "orders.productsinorder",
    "pk": 1,
    "fields": {
      "order": 1,
      "product": 1,
      "quantity": 1
    }
  },
  {
    "model": "orders.productsinorder",
    "pk": 2,
    "fields": {
      "order": 1,
      "product": 5,
      "quantity": 1
    }
  },
  {
    "model": "orders.productsinorder",
    "pk": 3,
    "fields": {
      "order": 2,
      "product": 2,
      "quantity": 1
    }
  },
  {
    "model": "orders.productsinorder",
    "pk": 4,
    "fields": {
      "order": 2,
      "product": 1,
      "quantity": 2
    }
  },
  {
    "model": "orders.productsinorder",
    "pk": 5,
    "fields": {
      "order": 3,
      "product": 1,
      "quantity": 1
    }
  },
  {
    "model": "orders.productsinorder",
    "pk": 6,
    "fields": {
      "order": 4,
      "product": 7,
      "quantity": 1
    }
  },
  {
    "model": "orders.productsinorder",
    "pk": 7,
    "fields": {
      "order": 5,
      "product": 1,
      "quantity": 1
    }
  },
  {
    "model": "orders.productsinorder",
    "pk": 8,
    "fields": {
      "order": 6,
      "product": 6,
      "quantity": 1
    }
  },
  {
    "model": "orders.productsinorder",
    "pk": 9,
    "fields": {
      "order": 7,
      "product": 1,
      "quantity": 1
    }
  },
  {
    "model": "orders.productsinorder",
    "pk": 10,
    "fields": {
      "order": 7,
      "product": 2,
      "quantity": 3
    }
  },
  {
    "model": "orders.productsinorder",
    "pk": 11,
    "fields": {
      "order": 7,
      "product": 3,
      "quantity": 2
    }
  },
  {
    "model": "orders.productsinorder",
    "pk": 12,
    "fields": {
      "order": 7,
      "product": 4,
      "quantity": 1
    }
  },
  {
    "model": "orders.productsinorder",
    "pk": 13,
    "fields": {
      "order": 7,
      "product": 6,
      "quantity": 1
    }
  },
  {
    "model": "orders.productsinorder",
    "pk": 14,
    "fields": {
      "order": 7,
      "product": 8,
      "quantity": 1
    }
  },
  {
    "model": "orders.productsinorder",
    "pk": 15,
    "fields": {
      "order": 7,
      "product": 7,
      "quantity": 1
    }
  },
  {
    "model": "orders.productsinorder",
    "pk": 16,
    "fields": {
      "order": 8,
      "product": 1,
      "quantity": 2
    }
  },
  {
    "model": "orders.productsinorder",
    "pk": 17,
    "fields": {
      "order": 8,
      "product": 5,
      "quantity": 3
    }
  },
  {
    "model": "orders.productsinorder",
    "pk": 18,
    "fields": {
      "order": 8,
      "product": 4,
      "quantity": 1
    }
  },
  {
    "model": "orders.productsinorder",
    "pk": 19,
    "fields": {
      "order": 8,
      "product": 3,
      "quantity": 1
    }
  },
  {
    "model": "orders.productsinorder",
    "pk": 20,
    "fields": {
      "order": 8,
      "product": 9,
      "quantity": 1
    }
  },
  {
    "model": "orders.productsinorder",
    "pk": 21,
    "fields": {
      "order": 8,
      "product": 10,
      "quantity": 2
    }
  },
  {
    "model": "orders.productsinorder",
    "pk": 22,
    "fields": {
      "order": 8,
      "product": 12,
      "quantity": 1
    }
  },
  {
    "model": "orders.productsinorder",
    "pk": 23,
    "fields": {
      "order": 9,
      "product": 9,
      "quantity": 4
    }
  },
  {
    "model": "orders.productsinorder",
    "pk": 24,
    "fields": {
      "order": 10,
      "product": 14,
      "quantity": 1
    }
  },
  {
    "model": "orders.productsinorder",
    "pk": 25,
    "fields": {
      "order": 10,
      "product": 15,
      "quantity": 2
    }
  },
  {
    "model": "auth.permission",
    "pk": 1,
    "fields": {
      "name": "Can add log entry",
      "content_type": 1,
      "codename": "add_logentry"
    }
  },
  {
    "model": "auth.permission",
    "pk": 2,
    "fields": {
      "name": "Can change log entry",
      "content_type": 1,
      "codename": "change_logentry"
    }
  },
  {
    "model": "auth.permission",
    "pk": 3,
    "fields": {
      "name": "Can delete log entry",
      "content_type": 1,
      "codename": "delete_logentry"
    }
  },
  {
    "model": "auth.permission",
    "pk": 4,
    "fields": {
      "name": "Can view log entry",
      "content_type": 1,
      "codename": "view_logentry"
    }
  },
  {
    "model": "auth.permission",
    "pk": 5,
    "fields": {
      "name": "Can add permission",
      "content_type": 2,
      "codename": "add_permission"
    }
  },
  {
    "model": "auth.permission",
    "pk": 6,
    "fields": {
      "name": "Can change permission",
      "content_type": 2,
      "codename": "change_permission"
    }
  },
  {
    "model": "auth.permission",
    "pk": 7,
    "fields": {
      "name": "Can delete permission",
      "content_type": 2,
      "codename": "delete_permission"
    }
  },
  {
    "model": "auth.permission",
    "pk": 8,
    "fields": {
      "name": "Can view permission",
      "content_type": 2,
      "codename": "view_permission"
    }
  },
  {
    "model": "auth.permission",
    "pk": 9,
    "fields": {
      "name": "Can add group",
      "content_type": 3,
      "codename": "add_group"
    }
  },
  {
    "model": "auth.permission",
    "pk": 10,
    "fields": {
      "name": "Can change group",
      "content_type": 3,
      "codename": "change_group"
    }
  },
  {
    "model": "auth.permission",
    "pk": 11,
    "fields": {
      "name": "Can delete group",
      "content_type": 3,
      "codename": "delete_group"
    }
  },
  {
    "model": "auth.permission",
    "pk": 12,
    "fields": {
      "name": "Can view group",
      "content_type": 3,
      "codename": "view_group"
    }
  },
  {
    "model": "auth.permission",
    "pk": 13,
    "fields": {
      "name": "Can add user",
      "content_type": 4,
      "codename": "add_user"
    }
  },
  {
    "model": "auth.permission",
    "pk": 14,
    "fields": {
      "name": "Can change user",
      "content_type": 4,
      "codename": "change_user"
    }
  },
  {
    "model": "auth.permission",
    "pk": 15,
    "fields": {
      "name": "Can delete user",
      "content_type": 4,
      "codename": "delete_user"
    }
  },
  {
    "model": "auth.permission",
    "pk": 16,
    "fields": {
      "name": "Can view user",
      "content_type": 4,
      "codename": "view_user"
    }
  },
  {
    "model": "auth.permission",
    "pk": 17,
    "fields": {
      "name": "Can add content type",
      "content_type": 5,
      "codename": "add_contenttype"
    }
  },
  {
    "model": "auth.permission",
    "pk": 18,
    "fields": {
      "name": "Can change content type",
      "content_type": 5,
      "codename": "change_contenttype"
    }
  },
  {
    "model": "auth.permission",
    "pk": 19,
    "fields": {
      "name": "Can delete content type",
      "content_type": 5,
      "codename": "delete_contenttype"
    }
  },
  {
    "model": "auth.permission",
    "pk": 20,
    "fields": {
      "name": "Can view content type",
      "content_type": 5,
      "codename": "view_contenttype"
    }
  },
  {
    "model": "auth.permission",
    "pk": 21,
    "fields": {
      "name": "Can add session",
      "content_type": 6,
      "codename": "add_session"
    }
  },
  {
    "model": "auth.permission",
    "pk": 22,
    "fields": {
      "name": "Can change session",
      "content_type": 6,
      "codename": "change_session"
    }
  },
  {
    "model": "auth.permission",
    "pk": 23,
    "fields": {
      "name": "Can delete session",
      "content_type": 6,
      "codename": "delete_session"
    }
  },
  {
    "model": "auth.permission",
    "pk": 24,
    "fields": {
      "name": "Can view session",
      "content_type": 6,
      "codename": "view_session"
    }
  },
  {
    "model": "auth.permission",
    "pk": 25,
    "fields": {
      "name": "Can add \u041a\u0430\u0442\u0435\u0433\u043e\u0440\u0438\u044f",
      "content_type": 7,
      "codename": "add_category"
    }
  },
  {
    "model": "auth.permission",
    "pk": 26,
    "fields": {
      "name": "Can change \u041a\u0430\u0442\u0435\u0433\u043e\u0440\u0438\u044f",
      "content_type": 7,
      "codename": "change_category"
    }
  },
  {
    "model": "auth.permission",
    "pk": 27,
    "fields": {
      "name": "Can delete \u041a\u0430\u0442\u0435\u0433\u043e\u0440\u0438\u044f",
      "content_type": 7,
      "codename": "delete_category"
    }
  },
  {
    "model": "auth.permission",
    "pk": 28,
    "fields": {
      "name": "Can view \u041a\u0430\u0442\u0435\u0433\u043e\u0440\u0438\u044f",
      "content_type": 7,
      "codename": "view_category"
    }
  },
  {
    "model": "auth.permission",
    "pk": 29,
    "fields": {
      "name": "Can add \u041f\u043e\u043a\u0443\u043f\u0430\u0442\u0435\u043b\u044c",
      "content_type": 8,
      "codename": "add_customer"
    }
  },
  {
    "model": "auth.permission",
    "pk": 30,
    "fields": {
      "name": "Can change \u041f\u043e\u043a\u0443\u043f\u0430\u0442\u0435\u043b\u044c",
      "content_type": 8,
      "codename": "change_customer"
    }
  },
  {
    "model": "auth.permission",
    "pk": 31,
    "fields": {
      "name": "Can delete \u041f\u043e\u043a\u0443\u043f\u0430\u0442\u0435\u043b\u044c",
      "content_type": 8,
      "codename": "delete_customer"
    }
  },
  {
    "model": "auth.permission",
    "pk": 32,
    "fields": {
      "name": "Can view \u041f\u043e\u043a\u0443\u043f\u0430\u0442\u0435\u043b\u044c",
      "content_type": 8,
      "codename": "view_customer"
    }
  },
  {
    "model": "auth.permission",
    "pk": 33,
    "fields": {
      "name": "Can add \u0417\u0430\u043a\u0430\u0437",
      "content_type": 9,
      "codename": "add_order"
    }
  },
  {
    "model": "auth.permission",
    "pk": 34,
    "fields": {
      "name": "Can change \u0417\u0430\u043a\u0430\u0437",
      "content_type": 9,
      "codename": "change_order"
    }
  },
  {
    "model": "auth.permission",
    "pk": 35,
    "fields": {
      "name": "Can delete \u0417\u0430\u043a\u0430\u0437",
      "content_type": 9,
      "codename": "delete_order"
    }
  },
  {
    "model": "auth.permission",
    "pk": 36,
    "fields": {
      "name": "Can view \u0417\u0430\u043a\u0430\u0437",
      "content_type": 9,
      "codename": "view_order"
    }
  },
  {
    "model": "auth.permission",
    "pk": 37,
    "fields": {
      "name": "Can add \u0422\u043e\u0432\u0430\u0440",
      "content_type": 10,
      "codename": "add_product"
    }
  },
  {
    "model": "auth.permission",
    "pk": 38,
    "fields": {
      "name": "Can change \u0422\u043e\u0432\u0430\u0440",
      "content_type": 10,
      "codename": "change_product"
    }
  },
  {
    "model": "auth.permission",
    "pk": 39,
    "fields": {
      "name": "Can delete \u0422\u043e\u0432\u0430\u0440",
      "content_type": 10,
      "codename": "delete_product"
    }
  },
  {
    "model": "auth.permission",
    "pk": 40,
    "fields": {
      "name": "Can view \u0422\u043e\u0432\u0430\u0440",
      "content_type": 10,
      "codename": "view_product"
    }
  },
  {
    "model": "auth.permission",
    "pk": 41,
    "fields": {
      "name": "Can add \u0420\u0430\u0437\u0434\u0435\u043b",
      "content_type": 11,
      "codename": "add_section"
    }
  },
  {
    "model": "auth.permission",
    "pk": 42,
    "fields": {
      "name": "Can change \u0420\u0430\u0437\u0434\u0435\u043b",
      "content_type": 11,
      "codename": "change_section"
    }
  },
  {
    "model": "auth.permission",
    "pk": 43,
    "fields": {
      "name": "Can delete \u0420\u0430\u0437\u0434\u0435\u043b",
      "content_type": 11,
      "codename": "delete_section"
    }
  },
  {
    "model": "auth.permission",
    "pk": 44,
    "fields": {
      "name": "Can view \u0420\u0430\u0437\u0434\u0435\u043b",
      "content_type": 11,
      "codename": "view_section"
    }
  },
  {
    "model": "auth.permission",
    "pk": 45,
    "fields": {
      "name": "Can add products in order",
      "content_type": 12,
      "codename": "add_productsinorder"
    }
  },
  {
    "model": "auth.permission",
    "pk": 46,
    "fields": {
      "name": "Can change products in order",
      "content_type": 12,
      "codename": "change_productsinorder"
    }
  },
  {
    "model": "auth.permission",
    "pk": 47,
    "fields": {
      "name": "Can delete products in order",
      "content_type": 12,
      "codename": "delete_productsinorder"
    }
  },
  {
    "model": "auth.permission",
    "pk": 48,
    "fields": {
      "name": "Can view products in order",
      "content_type": 12,
      "codename": "view_productsinorder"
    }
  },
  {
    "model": "auth.permission",
    "pk": 49,
    "fields": {
      "name": "Can add \u0421\u0442\u0430\u0442\u044c\u044f",
      "content_type": 13,
      "codename": "add_article"
    }
  },
  {
    "model": "auth.permission",
    "pk": 50,
    "fields": {
      "name": "Can change \u0421\u0442\u0430\u0442\u044c\u044f",
      "content_type": 13,
      "codename": "change_article"
    }
  },
  {
    "model": "auth.permission",
    "pk": 51,
    "fields": {
      "name": "Can delete \u0421\u0442\u0430\u0442\u044c\u044f",
      "content_type": 13,
      "codename": "delete_article"
    }
  },
  {
    "model": "auth.permission",
    "pk": 52,
    "fields": {
      "name": "Can view \u0421\u0442\u0430\u0442\u044c\u044f",
      "content_type": 13,
      "codename": "view_article"
    }
  },
  {
    "model": "auth.user",
    "pk": 1,
    "fields": {
      "password": "pbkdf2_sha256$150000$cpRJ0Kcizx1q$Bpd8ZVUwR3xklPlHRiIris4EWMgz9ZbmhYcax7aGYBs=",
      "last_login": "2020-08-13T19:59:18.462Z",
      "is_superuser": true,
      "username": "admin",
      "first_name": "",
      "last_name": "",
      "email": "admin@admin.ru",
      "is_staff": true,
      "is_active": true,
      "date_joined": "2020-07-08T21:15:00.002Z",
      "groups": [],
      "user_permissions": []
    }
  },
  {
    "model": "auth.user",
    "pk": 2,
    "fields": {
      "password": "pbkdf2_sha256$150000$vlw4RjyYKGcC$V0IHTV5cGRiLkp6mXkPfmPoGUpljipDP+dh1jfyXCWM=",
      "last_login": "2020-07-21T18:46:32.558Z",
      "is_superuser": false,
      "username": "user",
      "first_name": "",
      "last_name": "",
      "email": "",
      "is_staff": false,
      "is_active": true,
      "date_joined": "2020-07-16T18:17:16.173Z",
      "groups": [],
      "user_permissions": []
    }
  },
  {
    "model": "auth.user",
    "pk": 3,
    "fields": {
      "password": "pbkdf2_sha256$150000$WWlKaG9yKnVm$Qje6Ez2vwRiXlqAvG9pNqSeqT1rS319jWVIEmxK2YT8=",
      "last_login": "2020-08-10T18:16:06.234Z",
      "is_superuser": false,
      "username": "customer01",
      "first_name": "",
      "last_name": "",
      "email": "",
      "is_staff": false,
      "is_active": true,
      "date_joined": "2020-08-06T12:05:31.399Z",
      "groups": [],
      "user_permissions": []
    }
  },
  {
    "model": "auth.user",
    "pk": 4,
    "fields": {
      "password": "pbkdf2_sha256$150000$7SsXViM6Mojv$sbxbeOkdcf5PkrS67lcbNZ/zWu0QUNm+YOerxNc3hhw=",
      "last_login": "2020-08-13T18:48:11.453Z",
      "is_superuser": false,
      "username": "VladimirLenin",
      "first_name": "",
      "last_name": "",
      "email": "",
      "is_staff": false,
      "is_active": true,
      "date_joined": "2020-08-13T18:44:52.298Z",
      "groups": [],
      "user_permissions": []
    }
  },
  {
    "model": "auth.user",
    "pk": 5,
    "fields": {
      "password": "pbkdf2_sha256$150000$dI1ki6U8KApU$dB3MY/8kGSrSGwxTDLxKcqoCKDAi63r9k0+0gzVwTro=",
      "last_login": null,
      "is_superuser": false,
      "username": "sergey_brin@google.com",
      "first_name": "\u0421\u0435\u0440\u0433\u0435\u0439",
      "last_name": "\u0411\u0440\u0438\u043d",
      "email": "sergey_brin@google.com",
      "is_staff": false,
      "is_active": true,
      "date_joined": "2020-08-13T19:36:20Z",
      "groups": [],
      "user_permissions": []
    }
  },
  {
    "model": "auth.user",
    "pk": 6,
    "fields": {
      "password": "pbkdf2_sha256$150000$NhoJElAu8xGj$GUWfuDrsJljKR7y2HqMzaAAZ1HLy0q9wEIMoiFzCUhU=",
      "last_login": "2020-08-13T19:43:34.625Z",
      "is_superuser": false,
      "username": "elon_mask",
      "first_name": "Elon",
      "last_name": "Mask",
      "email": "elon_mask@tesla.com",
      "is_staff": false,
      "is_active": true,
      "date_joined": "2020-08-13T19:41:34Z",
      "groups": [],
      "user_permissions": []
    }
  },
  {
    "model": "accounts.customer",
    "pk": 1,
    "fields": {
      "user": 3,
      "register_date": "2020-08-09T16:14:12.740Z"
    }
  },
  {
    "model": "accounts.customer",
    "pk": 2,
    "fields": {
      "user": 2,
      "register_date": "2020-08-09T16:15:16.568Z"
    }
  },
  {
    "model": "accounts.customer",
    "pk": 3,
    "fields": {
      "user": 4,
      "register_date": "2020-08-13T18:47:34.370Z"
    }
  },
  {
    "model": "accounts.customer",
    "pk": 4,
    "fields": {
      "user": 5,
      "register_date": "2020-08-13T19:36:33.497Z"
    }
  },
  {
    "model": "accounts.customer",
    "pk": 5,
    "fields": {
      "user": 6,
      "register_date": "2020-08-13T19:42:21.372Z"
    }
  },
  {
    "model": "admin.logentry",
    "pk": 1,
    "fields": {
      "action_time": "2020-07-12T09:03:33.120Z",
      "user": 1,
      "content_type": 11,
      "object_id": "1",
      "object_repr": "\u044d\u043b\u0435\u043a\u0442\u0440\u043e\u043d\u0438\u043a\u0430",
      "action_flag": 1,
      "change_message": "[{\"added\": {}}]"
    }
  },
  {
    "model": "admin.logentry",
    "pk": 2,
    "fields": {
      "action_time": "2020-07-12T09:05:14.678Z",
      "user": 1,
      "content_type": 11,
      "object_id": "2",
      "object_repr": "COVID-19",
      "action_flag": 1,
      "change_message": "[{\"added\": {}}]"
    }
  },
  {
    "model": "admin.logentry",
    "pk": 3,
    "fields": {
      "action_time": "2020-07-12T09:05:57.232Z",
      "user": 1,
      "content_type": 11,
      "object_id": "3",
      "object_repr": "\u0434\u0435\u0442\u0441\u043a\u0438\u0435 \u0442\u043e\u0432\u0430\u0440\u044b",
      "action_flag": 1,
      "change_message": "[{\"added\": {}}]"
    }
  },
  {
    "model": "admin.logentry",
    "pk": 4,
    "fields": {
      "action_time": "2020-07-12T17:16:59.433Z",
      "user": 1,
      "content_type": 7,
      "object_id": "1",
      "object_repr": "\u043d\u043e\u0443\u0442\u0431\u0443\u043a\u0438",
      "action_flag": 1,
      "change_message": "[{\"added\": {}}]"
    }
  },
  {
    "model": "admin.logentry",
    "pk": 5,
    "fields": {
      "action_time": "2020-07-12T17:17:35.295Z",
      "user": 1,
      "content_type": 7,
      "object_id": "2",
      "object_repr": "\u0441\u043c\u0430\u0440\u0442\u0444\u043e\u043d\u044b",
      "action_flag": 1,
      "change_message": "[{\"added\": {}}]"
    }
  },
  {
    "model": "admin.logentry",
    "pk": 6,
    "fields": {
      "action_time": "2020-07-12T17:36:56.717Z",
      "user": 1,
      "content_type": 13,
      "object_id": "1",
      "object_repr": "Xiaomi \u0433\u043e\u0442\u043e\u0432\u0438\u0442 \u0422\u0412-\u0431\u0440\u0435\u043b\u043e\u043a \u0438 \u0440\u044f\u0434 \u0434\u0440\u0443\u0433\u0438\u0445 \u043d\u043e\u0432\u0438\u043d\u043e\u043a \u0434\u043b\u044f \u0435\u0432\u0440\u043e\u043f\u0435\u0439\u0441\u043a\u043e\u0433\u043e \u0440\u044b\u043d\u043a\u0430",
      "action_flag": 1,
      "change_message": "[{\"added\": {}}]"
    }
  },
  {
    "model": "admin.logentry",
    "pk": 7,
    "fields": {
      "action_time": "2020-07-12T17:37:49.962Z",
      "user": 1,
      "content_type": 13,
      "object_id": "1",
      "object_repr": "Xiaomi \u0433\u043e\u0442\u043e\u0432\u0438\u0442 \u0422\u0412-\u0431\u0440\u0435\u043b\u043e\u043a \u0438 \u0440\u044f\u0434 \u0434\u0440\u0443\u0433\u0438\u0445 \u043d\u043e\u0432\u0438\u043d\u043e\u043a \u0434\u043b\u044f \u0435\u0432\u0440\u043e\u043f\u0435\u0439\u0441\u043a\u043e\u0433\u043e \u0440\u044b\u043d\u043a\u0430",
      "action_flag": 2,
      "change_message": "[{\"changed\": {\"fields\": [\"text\"]}}]"
    }
  },
  {
    "model": "admin.logentry",
    "pk": 8,
    "fields": {
      "action_time": "2020-07-12T17:42:42.506Z",
      "user": 1,
      "content_type": 13,
      "object_id": "2",
      "object_repr": "\u0423\u0442\u0435\u0447\u043a\u0430 \u043f\u043e\u043a\u0430\u0437\u0430\u043b\u0430 PlayStation 5 \u0432 \u0447\u0451\u0440\u043d\u043e-\u043a\u0440\u0430\u0441\u043d\u043e\u043c \u0434\u0438\u0437\u0430\u0439\u043d\u0435 \u2014 \u043f\u043e\u043b\u044c\u0437\u043e\u0432\u0430\u0442\u0435\u043b\u0438 \u0432 \u0432\u043e\u0441\u0442\u043e\u0440\u0433\u0435",
      "action_flag": 1,
      "change_message": "[{\"added\": {}}]"
    }
  },
  {
    "model": "admin.logentry",
    "pk": 9,
    "fields": {
      "action_time": "2020-07-12T18:40:09.704Z",
      "user": 1,
      "content_type": 13,
      "object_id": "2",
      "object_repr": "\u0423\u0442\u0435\u0447\u043a\u0430 \u043f\u043e\u043a\u0430\u0437\u0430\u043b\u0430 PlayStation 5 \u0432 \u0447\u0451\u0440\u043d\u043e-\u043a\u0440\u0430\u0441\u043d\u043e\u043c \u0434\u0438\u0437\u0430\u0439\u043d\u0435 \u2014 \u043f\u043e\u043b\u044c\u0437\u043e\u0432\u0430\u0442\u0435\u043b\u0438 \u0432 \u0432\u043e\u0441\u0442\u043e\u0440\u0433\u0435",
      "action_flag": 2,
      "change_message": "[{\"changed\": {\"fields\": [\"text\"]}}]"
    }
  },
  {
    "model": "admin.logentry",
    "pk": 10,
    "fields": {
      "action_time": "2020-07-13T18:30:21.704Z",
      "user": 1,
      "content_type": 13,
      "object_id": "3",
      "object_repr": "Google \u0432\u044b\u043f\u0443\u0441\u0442\u0438\u043b\u0430 \u0431\u0435\u0441\u043f\u0440\u043e\u0432\u043e\u0434\u043d\u044b\u0435 \u043d\u0430\u0443\u0448\u043d\u0438\u043a\u0438 Pixel Buds 2 \u043d\u0430 \u043c\u0435\u0436\u0434\u0443\u043d\u0430\u0440\u043e\u0434\u043d\u044b\u0439 \u0440\u044b\u043d\u043e\u043a",
      "action_flag": 1,
      "change_message": "[{\"added\": {}}]"
    }
  },
  {
    "model": "admin.logentry",
    "pk": 11,
    "fields": {
      "action_time": "2020-07-13T18:31:28.779Z",
      "user": 1,
      "content_type": 13,
      "object_id": "4",
      "object_repr": "Honor 20 \u0438 20 Pro \u043e\u0431\u043d\u043e\u0432\u0438\u043b\u0438\u0441\u044c \u0434\u043e Magic UI 3.1",
      "action_flag": 1,
      "change_message": "[{\"added\": {}}]"
    }
  },
  {
    "model": "admin.logentry",
    "pk": 12,
    "fields": {
      "action_time": "2020-07-13T18:33:22.919Z",
      "user": 1,
      "content_type": 10,
      "object_id": "1",
      "object_repr": "\u0421\u043c\u0430\u0440\u0442\u0444\u043e\u043d HONOR 20 6/128GB",
      "action_flag": 1,
      "change_message": "[{\"added\": {}}]"
    }
  },
  {
    "model": "admin.logentry",
    "pk": 13,
    "fields": {
      "action_time": "2020-07-13T18:35:11.806Z",
      "user": 1,
      "content_type": 10,
      "object_id": "1",
      "object_repr": "\u0421\u043c\u0430\u0440\u0442\u0444\u043e\u043d HONOR 20 6/128GB",
      "action_flag": 2,
      "change_message": "[{\"changed\": {\"fields\": [\"img\"]}}]"
    }
  },
  {
    "model": "admin.logentry",
    "pk": 14,
    "fields": {
      "action_time": "2020-07-13T18:37:39.844Z",
      "user": 1,
      "content_type": 10,
      "object_id": "2",
      "object_repr": "\u0421\u043c\u0430\u0440\u0442\u0444\u043e\u043d HONOR 20 Pro 8/256GB",
      "action_flag": 1,
      "change_message": "[{\"added\": {}}]"
    }
  },
  {
    "model": "admin.logentry",
    "pk": 15,
    "fields": {
      "action_time": "2020-07-13T18:40:44.405Z",
      "user": 1,
      "content_type": 7,
      "object_id": "3",
      "object_repr": "\u0433\u0430\u0434\u0436\u0435\u0442\u044b",
      "action_flag": 1,
      "change_message": "[{\"added\": {}}]"
    }
  },
  {
    "model": "admin.logentry",
    "pk": 16,
    "fields": {
      "action_time": "2020-07-13T18:41:21.843Z",
      "user": 1,
      "content_type": 10,
      "object_id": "3",
      "object_repr": "Xiaomi Mi TV Stick",
      "action_flag": 1,
      "change_message": "[{\"added\": {}}]"
    }
  },
  {
    "model": "admin.logentry",
    "pk": 17,
    "fields": {
      "action_time": "2020-07-13T18:42:19.391Z",
      "user": 1,
      "content_type": 7,
      "object_id": "4",
      "object_repr": "\u0441\u0435\u0442\u0435\u0432\u043e\u0435 \u043e\u0431\u043e\u0440\u0443\u0434\u043e\u0432\u0430\u043d\u0438\u0435",
      "action_flag": 1,
      "change_message": "[{\"added\": {}}]"
    }
  },
  {
    "model": "admin.logentry",
    "pk": 18,
    "fields": {
      "action_time": "2020-07-13T18:47:52.988Z",
      "user": 1,
      "content_type": 10,
      "object_id": "4",
      "object_repr": "Xiaomi Mi Robot Vacuum-Mop",
      "action_flag": 1,
      "change_message": "[{\"added\": {}}]"
    }
  },
  {
    "model": "admin.logentry",
    "pk": 19,
    "fields": {
      "action_time": "2020-07-13T18:51:17.600Z",
      "user": 1,
      "content_type": 7,
      "object_id": "5",
      "object_repr": "\u0430\u043a\u0443\u0441\u0442\u0438\u043a\u0430",
      "action_flag": 1,
      "change_message": "[{\"added\": {}}]"
    }
  },
  {
    "model": "admin.logentry",
    "pk": 20,
    "fields": {
      "action_time": "2020-07-13T19:33:14.093Z",
      "user": 1,
      "content_type": 7,
      "object_id": "6",
      "object_repr": "\u0441\u0430\u043d\u0438\u0442\u0430\u0439\u0437\u0435\u0440\u044b",
      "action_flag": 1,
      "change_message": "[{\"added\": {}}]"
    }
  },
  {
    "model": "admin.logentry",
    "pk": 21,
    "fields": {
      "action_time": "2020-07-13T19:33:35.356Z",
      "user": 1,
      "content_type": 7,
      "object_id": "7",
      "object_repr": "\u043c\u0430\u0441\u043a\u0438",
      "action_flag": 1,
      "change_message": "[{\"added\": {}}]"
    }
  },
  {
    "model": "admin.logentry",
    "pk": 22,
    "fields": {
      "action_time": "2020-07-13T19:34:01.153Z",
      "user": 1,
      "content_type": 7,
      "object_id": "8",
      "object_repr": "\u043a\u043e\u043d\u0441\u0442\u0440\u0443\u043a\u0442\u043e\u0440\u044b",
      "action_flag": 1,
      "change_message": "[{\"added\": {}}]"
    }
  },
  {
    "model": "admin.logentry",
    "pk": 23,
    "fields": {
      "action_time": "2020-07-13T19:34:12.910Z",
      "user": 1,
      "content_type": 7,
      "object_id": "9",
      "object_repr": "\u043a\u0443\u043a\u043b\u044b",
      "action_flag": 1,
      "change_message": "[{\"added\": {}}]"
    }
  },
  {
    "model": "admin.logentry",
    "pk": 24,
    "fields": {
      "action_time": "2020-07-13T19:49:04.938Z",
      "user": 1,
      "content_type": 10,
      "object_id": "5",
      "object_repr": "\u041c\u0430\u0441\u043a\u0430 \u043c\u0435\u0434\u0438\u0446\u0438\u043d\u0441\u043a\u0430\u044f \u043e\u0434\u043d\u043e\u0440\u0430\u0437\u043e\u0432\u0430\u044f 3-\u0445 \u0441\u043b\u043e\u0439\u043d\u0430\u044f",
      "action_flag": 1,
      "change_message": "[{\"added\": {}}]"
    }
  },
  {
    "model": "admin.logentry",
    "pk": 25,
    "fields": {
      "action_time": "2020-07-13T19:50:17.859Z",
      "user": 1,
      "content_type": 10,
      "object_id": "6",
      "object_repr": "Compliment \u0421\u0430\u043d\u0438\u0442\u0430\u0439\u0437\u0435\u0440 \u0434\u043b\u044f \u0440\u0443\u043a \u0423\u043d\u0438\u0432\u0435\u0440\u0441\u0430\u043b\u044c\u043d\u044b\u0439, 200 \u043c\u043b",
      "action_flag": 1,
      "change_message": "[{\"added\": {}}]"
    }
  },
  {
    "model": "admin.logentry",
    "pk": 26,
    "fields": {
      "action_time": "2020-07-13T19:52:25.476Z",
      "user": 1,
      "content_type": 10,
      "object_id": "7",
      "object_repr": "\u041a\u043e\u043d\u0441\u0442\u0443\u043a\u0442\u043e\u0440 Fischertechnik",
      "action_flag": 1,
      "change_message": "[{\"added\": {}}]"
    }
  },
  {
    "model": "admin.logentry",
    "pk": 27,
    "fields": {
      "action_time": "2020-07-13T19:54:50.114Z",
      "user": 1,
      "content_type": 10,
      "object_id": "8",
      "object_repr": "\u041a\u0443\u043a\u043b\u0430 \u041a\u043b\u0435\u043e \u0434\u0435 \u041d\u0438\u043b - \u041c\u0430\u0441\u043a\u0430\u0440\u0430\u0434",
      "action_flag": 1,
      "change_message": "[{\"added\": {}}]"
    }
  },
  {
    "model": "admin.logentry",
    "pk": 28,
    "fields": {
      "action_time": "2020-07-14T20:32:46.979Z",
      "user": 1,
      "content_type": 10,
      "object_id": "7",
      "object_repr": "\u041a\u043e\u043d\u0441\u0442\u0443\u043a\u0442\u043e\u0440 Fischertechnik",
      "action_flag": 2,
      "change_message": "[{\"changed\": {\"fields\": [\"img\"]}}]"
    }
  },
  {
    "model": "admin.logentry",
    "pk": 29,
    "fields": {
      "action_time": "2020-07-14T20:34:21.291Z",
      "user": 1,
      "content_type": 10,
      "object_id": "7",
      "object_repr": "\u041a\u043e\u043d\u0441\u0442\u0443\u043a\u0442\u043e\u0440 Fischertechnik",
      "action_flag": 2,
      "change_message": "[{\"changed\": {\"fields\": [\"img\"]}}]"
    }
  },
  {
    "model": "admin.logentry",
    "pk": 30,
    "fields": {
      "action_time": "2020-07-14T20:38:26.112Z",
      "user": 1,
      "content_type": 10,
      "object_id": "3",
      "object_repr": "Xiaomi Mi TV Stick",
      "action_flag": 2,
      "change_message": "[{\"changed\": {\"fields\": [\"img\"]}}]"
    }
  },
  {
    "model": "admin.logentry",
    "pk": 31,
    "fields": {
      "action_time": "2020-07-14T20:39:43.270Z",
      "user": 1,
      "content_type": 10,
      "object_id": "3",
      "object_repr": "Xiaomi Mi TV Stick",
      "action_flag": 2,
      "change_message": "[{\"changed\": {\"fields\": [\"img\"]}}]"
    }
  },
  {
    "model": "admin.logentry",
    "pk": 32,
    "fields": {
      "action_time": "2020-07-14T20:50:32.407Z",
      "user": 1,
      "content_type": 10,
      "object_id": "7",
      "object_repr": "\u041a\u043e\u043d\u0441\u0442\u0443\u043a\u0442\u043e\u0440 Fischertechnik",
      "action_flag": 2,
      "change_message": "[{\"changed\": {\"fields\": [\"img\"]}}]"
    }
  },
  {
    "model": "admin.logentry",
    "pk": 33,
    "fields": {
      "action_time": "2020-07-14T20:53:28.022Z",
      "user": 1,
      "content_type": 10,
      "object_id": "3",
      "object_repr": "Xiaomi Mi TV Stick",
      "action_flag": 2,
      "change_message": "[{\"changed\": {\"fields\": [\"img\"]}}]"
    }
  },
  {
    "model": "admin.logentry",
    "pk": 34,
    "fields": {
      "action_time": "2020-07-14T20:55:05.474Z",
      "user": 1,
      "content_type": 10,
      "object_id": "8",
      "object_repr": "\u041a\u0443\u043a\u043b\u0430 \u041a\u043b\u0435\u043e \u0434\u0435 \u041d\u0438\u043b - \u041c\u0430\u0441\u043a\u0430\u0440\u0430\u0434",
      "action_flag": 2,
      "change_message": "[{\"changed\": {\"fields\": [\"img\"]}}]"
    }
  },
  {
    "model": "admin.logentry",
    "pk": 35,
    "fields": {
      "action_time": "2020-07-14T20:57:09.326Z",
      "user": 1,
      "content_type": 10,
      "object_id": "8",
      "object_repr": "\u041a\u0443\u043a\u043b\u0430 \u041a\u043b\u0435\u043e \u0434\u0435 \u041d\u0438\u043b - \u041c\u0430\u0441\u043a\u0430\u0440\u0430\u0434",
      "action_flag": 2,
      "change_message": "[{\"changed\": {\"fields\": [\"img\"]}}]"
    }
  },
  {
    "model": "admin.logentry",
    "pk": 36,
    "fields": {
      "action_time": "2020-07-14T21:02:40.548Z",
      "user": 1,
      "content_type": 10,
      "object_id": "7",
      "object_repr": "\u041a\u043e\u043d\u0441\u0442\u0443\u043a\u0442\u043e\u0440 Fischertechnik",
      "action_flag": 2,
      "change_message": "[{\"changed\": {\"fields\": [\"img\"]}}]"
    }
  },
  {
    "model": "admin.logentry",
    "pk": 37,
    "fields": {
      "action_time": "2020-07-14T21:09:57.207Z",
      "user": 1,
      "content_type": 10,
      "object_id": "8",
      "object_repr": "\u041a\u0443\u043a\u043b\u0430 \u041a\u043b\u0435\u043e \u0434\u0435 \u041d\u0438\u043b - \u041c\u0430\u0441\u043a\u0430\u0440\u0430\u0434",
      "action_flag": 2,
      "change_message": "[{\"changed\": {\"fields\": [\"img\"]}}]"
    }
  },
  {
    "model": "admin.logentry",
    "pk": 38,
    "fields": {
      "action_time": "2020-07-14T21:10:15.792Z",
      "user": 1,
      "content_type": 10,
      "object_id": "6",
      "object_repr": "Compliment \u0421\u0430\u043d\u0438\u0442\u0430\u0439\u0437\u0435\u0440 \u0434\u043b\u044f \u0440\u0443\u043a \u0423\u043d\u0438\u0432\u0435\u0440\u0441\u0430\u043b\u044c\u043d\u044b\u0439, 200 \u043c\u043b",
      "action_flag": 2,
      "change_message": "[{\"changed\": {\"fields\": [\"img\"]}}]"
    }
  },
  {
    "model": "admin.logentry",
    "pk": 39,
    "fields": {
      "action_time": "2020-07-14T21:11:12.119Z",
      "user": 1,
      "content_type": 10,
      "object_id": "1",
      "object_repr": "\u0421\u043c\u0430\u0440\u0442\u0444\u043e\u043d HONOR 20 6/128GB",
      "action_flag": 2,
      "change_message": "[{\"changed\": {\"fields\": [\"img\"]}}]"
    }
  },
  {
    "model": "admin.logentry",
    "pk": 40,
    "fields": {
      "action_time": "2020-07-14T21:11:19.977Z",
      "user": 1,
      "content_type": 10,
      "object_id": "2",
      "object_repr": "\u0421\u043c\u0430\u0440\u0442\u0444\u043e\u043d HONOR 20 Pro 8/256GB",
      "action_flag": 2,
      "change_message": "[{\"changed\": {\"fields\": [\"img\"]}}]"
    }
  },
  {
    "model": "admin.logentry",
    "pk": 41,
    "fields": {
      "action_time": "2020-07-14T21:11:27.717Z",
      "user": 1,
      "content_type": 10,
      "object_id": "3",
      "object_repr": "Xiaomi Mi TV Stick",
      "action_flag": 2,
      "change_message": "[{\"changed\": {\"fields\": [\"img\"]}}]"
    }
  },
  {
    "model": "admin.logentry",
    "pk": 42,
    "fields": {
      "action_time": "2020-07-14T21:15:02.729Z",
      "user": 1,
      "content_type": 10,
      "object_id": "5",
      "object_repr": "\u041c\u0430\u0441\u043a\u0430 \u043c\u0435\u0434\u0438\u0446\u0438\u043d\u0441\u043a\u0430\u044f \u043e\u0434\u043d\u043e\u0440\u0430\u0437\u043e\u0432\u0430\u044f 3-\u0445 \u0441\u043b\u043e\u0439\u043d\u0430\u044f",
      "action_flag": 2,
      "change_message": "[{\"changed\": {\"fields\": [\"img\"]}}]"
    }
  },
  {
    "model": "admin.logentry",
    "pk": 43,
    "fields": {
      "action_time": "2020-07-14T21:15:25.131Z",
      "user": 1,
      "content_type": 10,
      "object_id": "4",
      "object_repr": "Xiaomi Mi Robot Vacuum-Mop",
      "action_flag": 2,
      "change_message": "[{\"changed\": {\"fields\": [\"img\"]}}]"
    }
  },
  {
    "model": "admin.logentry",
    "pk": 44,
    "fields": {
      "action_time": "2020-07-16T18:17:16.261Z",
      "user": 1,
      "content_type": 4,
      "object_id": "2",
      "object_repr": "user",
      "action_flag": 1,
      "change_message": "[{\"added\": {}}]"
    }
  },
  {
    "model": "admin.logentry",
    "pk": 45,
    "fields": {
      "action_time": "2020-07-21T18:46:09.195Z",
      "user": 1,
      "content_type": 4,
      "object_id": "2",
      "object_repr": "user",
      "action_flag": 2,
      "change_message": "[{\"changed\": {\"fields\": [\"password\"]}}]"
    }
  },
  {
    "model": "admin.logentry",
    "pk": 46,
    "fields": {
      "action_time": "2020-07-29T16:38:10.511Z",
      "user": 1,
      "content_type": 13,
      "object_id": "4",
      "object_repr": "Honor 20 \u0438 20 Pro \u043e\u0431\u043d\u043e\u0432\u0438\u043b\u0438\u0441\u044c \u0434\u043e Magic UI 3.1",
      "action_flag": 2,
      "change_message": "[{\"changed\": {\"fields\": [\"text\"]}}]"
    }
  },
  {
    "model": "admin.logentry",
    "pk": 47,
    "fields": {
      "action_time": "2020-07-29T16:38:28.956Z",
      "user": 1,
      "content_type": 13,
      "object_id": "3",
      "object_repr": "Google \u0432\u044b\u043f\u0443\u0441\u0442\u0438\u043b\u0430 \u0431\u0435\u0441\u043f\u0440\u043e\u0432\u043e\u0434\u043d\u044b\u0435 \u043d\u0430\u0443\u0448\u043d\u0438\u043a\u0438 Pixel Buds 2 \u043d\u0430 \u043c\u0435\u0436\u0434\u0443\u043d\u0430\u0440\u043e\u0434\u043d\u044b\u0439 \u0440\u044b\u043d\u043e\u043a",
      "action_flag": 2,
      "change_message": "[{\"changed\": {\"fields\": [\"text\"]}}]"
    }
  },
  {
    "model": "admin.logentry",
    "pk": 48,
    "fields": {
      "action_time": "2020-07-29T16:38:51.181Z",
      "user": 1,
      "content_type": 13,
      "object_id": "2",
      "object_repr": "\u0423\u0442\u0435\u0447\u043a\u0430 \u043f\u043e\u043a\u0430\u0437\u0430\u043b\u0430 PlayStation 5 \u0432 \u0447\u0451\u0440\u043d\u043e-\u043a\u0440\u0430\u0441\u043d\u043e\u043c \u0434\u0438\u0437\u0430\u0439\u043d\u0435 \u2014 \u043f\u043e\u043b\u044c\u0437\u043e\u0432\u0430\u0442\u0435\u043b\u0438 \u0432 \u0432\u043e\u0441\u0442\u043e\u0440\u0433\u0435",
      "action_flag": 2,
      "change_message": "[{\"changed\": {\"fields\": [\"text\"]}}]"
    }
  },
  {
    "model": "admin.logentry",
    "pk": 49,
    "fields": {
      "action_time": "2020-07-29T16:39:00.556Z",
      "user": 1,
      "content_type": 13,
      "object_id": "1",
      "object_repr": "Xiaomi \u0433\u043e\u0442\u043e\u0432\u0438\u0442 \u0422\u0412-\u0431\u0440\u0435\u043b\u043e\u043a \u0438 \u0440\u044f\u0434 \u0434\u0440\u0443\u0433\u0438\u0445 \u043d\u043e\u0432\u0438\u043d\u043e\u043a \u0434\u043b\u044f \u0435\u0432\u0440\u043e\u043f\u0435\u0439\u0441\u043a\u043e\u0433\u043e \u0440\u044b\u043d\u043a\u0430",
      "action_flag": 2,
      "change_message": "[{\"changed\": {\"fields\": [\"text\"]}}]"
    }
  },
  {
    "model": "admin.logentry",
    "pk": 50,
    "fields": {
      "action_time": "2020-07-29T16:39:17.464Z",
      "user": 1,
      "content_type": 13,
      "object_id": "1",
      "object_repr": "Xiaomi \u0433\u043e\u0442\u043e\u0432\u0438\u0442 \u0422\u0412-\u0431\u0440\u0435\u043b\u043e\u043a \u0438 \u0440\u044f\u0434 \u0434\u0440\u0443\u0433\u0438\u0445 \u043d\u043e\u0432\u0438\u043d\u043e\u043a \u0434\u043b\u044f \u0435\u0432\u0440\u043e\u043f\u0435\u0439\u0441\u043a\u043e\u0433\u043e \u0440\u044b\u043d\u043a\u0430",
      "action_flag": 2,
      "change_message": "[{\"changed\": {\"fields\": [\"text\"]}}]"
    }
  },
  {
    "model": "admin.logentry",
    "pk": 51,
    "fields": {
      "action_time": "2020-07-29T16:40:06.672Z",
      "user": 1,
      "content_type": 13,
      "object_id": "3",
      "object_repr": "Google \u0432\u044b\u043f\u0443\u0441\u0442\u0438\u043b\u0430 \u0431\u0435\u0441\u043f\u0440\u043e\u0432\u043e\u0434\u043d\u044b\u0435 \u043d\u0430\u0443\u0448\u043d\u0438\u043a\u0438 Pixel Buds 2 \u043d\u0430 \u043c\u0435\u0436\u0434\u0443\u043d\u0430\u0440\u043e\u0434\u043d\u044b\u0439 \u0440\u044b\u043d\u043e\u043a",
      "action_flag": 2,
      "change_message": "[{\"changed\": {\"fields\": [\"text\"]}}]"
    }
  },
  {
    "model": "admin.logentry",
    "pk": 52,
    "fields": {
      "action_time": "2020-07-30T17:51:12.725Z",
      "user": 1,
      "content_type": 10,
      "object_id": "8",
      "object_repr": "\u041a\u0443\u043a\u043b\u0430 \u041a\u043b\u0435\u043e \u0434\u0435 \u041d\u0438\u043b - \u041c\u0430\u0441\u043a\u0430\u0440\u0430\u0434",
      "action_flag": 2,
      "change_message": "[{\"changed\": {\"fields\": [\"description\"]}}]"
    }
  },
  {
    "model": "admin.logentry",
    "pk": 53,
    "fields": {
      "action_time": "2020-07-30T18:35:16.450Z",
      "user": 1,
      "content_type": 10,
      "object_id": "7",
      "object_repr": "\u041a\u043e\u043d\u0441\u0442\u0443\u043a\u0442\u043e\u0440 Fischertechnik",
      "action_flag": 2,
      "change_message": "[{\"changed\": {\"fields\": [\"description\"]}}]"
    }
  },
  {
    "model": "admin.logentry",
    "pk": 54,
    "fields": {
      "action_time": "2020-07-30T18:35:43.222Z",
      "user": 1,
      "content_type": 10,
      "object_id": "6",
      "object_repr": "Compliment \u0421\u0430\u043d\u0438\u0442\u0430\u0439\u0437\u0435\u0440 \u0434\u043b\u044f \u0440\u0443\u043a \u0423\u043d\u0438\u0432\u0435\u0440\u0441\u0430\u043b\u044c\u043d\u044b\u0439, 200 \u043c\u043b",
      "action_flag": 2,
      "change_message": "[{\"changed\": {\"fields\": [\"description\"]}}]"
    }
  },
  {
    "model": "admin.logentry",
    "pk": 55,
    "fields": {
      "action_time": "2020-07-30T18:36:11.098Z",
      "user": 1,
      "content_type": 10,
      "object_id": "4",
      "object_repr": "Xiaomi Mi Robot Vacuum-Mop",
      "action_flag": 2,
      "change_message": "[{\"changed\": {\"fields\": [\"description\"]}}]"
    }
  },
  {
    "model": "admin.logentry",
    "pk": 56,
    "fields": {
      "action_time": "2020-07-30T18:36:36.610Z",
      "user": 1,
      "content_type": 10,
      "object_id": "3",
      "object_repr": "Xiaomi Mi TV Stick",
      "action_flag": 2,
      "change_message": "[{\"changed\": {\"fields\": [\"description\"]}}]"
    }
  },
  {
    "model": "admin.logentry",
    "pk": 57,
    "fields": {
      "action_time": "2020-07-30T18:37:06.197Z",
      "user": 1,
      "content_type": 10,
      "object_id": "2",
      "object_repr": "\u0421\u043c\u0430\u0440\u0442\u0444\u043e\u043d HONOR 20 Pro 8/256GB",
      "action_flag": 2,
      "change_message": "[{\"changed\": {\"fields\": [\"description\"]}}]"
    }
  },
  {
    "model": "admin.logentry",
    "pk": 58,
    "fields": {
      "action_time": "2020-07-30T18:37:29.308Z",
      "user": 1,
      "content_type": 10,
      "object_id": "1",
      "object_repr": "\u0421\u043c\u0430\u0440\u0442\u0444\u043e\u043d HONOR 20 6/128GB",
      "action_flag": 2,
      "change_message": "[{\"changed\": {\"fields\": [\"description\"]}}]"
    }
  },
  {
    "model": "admin.logentry",
    "pk": 59,
    "fields": {
      "action_time": "2020-08-06T12:05:31.496Z",
      "user": 1,
      "content_type": 4,
      "object_id": "3",
      "object_repr": "customer01",
      "action_flag": 1,
      "change_message": "[{\"added\": {}}]"
    }
  },
  {
    "model": "admin.logentry",
    "pk": 60,
    "fields": {
      "action_time": "2020-08-09T16:14:12.741Z",
      "user": 1,
      "content_type": 8,
      "object_id": "1",
      "object_repr": "",
      "action_flag": 1,
      "change_message": "[{\"added\": {}}]"
    }
  },
  {
    "model": "admin.logentry",
    "pk": 61,
    "fields": {
      "action_time": "2020-08-09T16:15:16.569Z",
      "user": 1,
      "content_type": 8,
      "object_id": "2",
      "object_repr": "",
      "action_flag": 1,
      "change_message": "[{\"added\": {}}]"
    }
  },
  {
    "model": "admin.logentry",
    "pk": 62,
    "fields": {
      "action_time": "2020-08-10T17:36:32.828Z",
      "user": 1,
      "content_type": 10,
      "object_id": "9",
      "object_repr": "\u041d\u043e\u0443\u0442\u0431\u0443\u043a Dell Inspiron 3595 AMD A6 9225/4Gb/500Gb/15.6\"/Linux Black",
      "action_flag": 1,
      "change_message": "[{\"added\": {}}]"
    }
  },
  {
    "model": "admin.logentry",
    "pk": 63,
    "fields": {
      "action_time": "2020-08-10T17:39:17.916Z",
      "user": 1,
      "content_type": 10,
      "object_id": "10",
      "object_repr": "\u041d\u043e\u0443\u0442\u0431\u0443\u043a Apple MacBook MRQP2RU/A 12\" Core i5",
      "action_flag": 1,
      "change_message": "[{\"added\": {}}]"
    }
  },
  {
    "model": "admin.logentry",
    "pk": 64,
    "fields": {
      "action_time": "2020-08-10T17:41:56.727Z",
      "user": 1,
      "content_type": 10,
      "object_id": "11",
      "object_repr": "\u041d\u043e\u0443\u0442\u0431\u0443\u043a MSI GS75 Stealth 10SGS-293RU Intel Core i9",
      "action_flag": 1,
      "change_message": "[{\"added\": {}}]"
    }
  },
  {
    "model": "admin.logentry",
    "pk": 65,
    "fields": {
      "action_time": "2020-08-10T17:45:58.900Z",
      "user": 1,
      "content_type": 10,
      "object_id": "12",
      "object_repr": "\u041c\u043e\u0431\u0438\u043b\u044c\u043d\u044b\u0439 \u0442\u0435\u043b\u0435\u0444\u043e\u043d BQ Mobile BQ-1848",
      "action_flag": 1,
      "change_message": "[{\"added\": {}}]"
    }
  },
  {
    "model": "admin.logentry",
    "pk": 66,
    "fields": {
      "action_time": "2020-08-10T17:49:06.128Z",
      "user": 1,
      "content_type": 10,
      "object_id": "13",
      "object_repr": "\u0421\u043c\u0430\u0440\u0442\u0444\u043e\u043d Apple iPhone 11 Pro 512GB Space Grey",
      "action_flag": 1,
      "change_message": "[{\"added\": {}}]"
    }
  },
  {
    "model": "admin.logentry",
    "pk": 67,
    "fields": {
      "action_time": "2020-08-10T18:01:23.856Z",
      "user": 1,
      "content_type": 10,
      "object_id": "14",
      "object_repr": "\u0411\u0435\u0441\u043f\u0440\u043e\u0432\u043e\u0434\u043d\u043e\u0439 \u043c\u0430\u0440\u0448\u0440\u0443\u0442\u0438\u0437\u0430\u0442\u043e\u0440 ASUS GT-AC5300 802.11ac",
      "action_flag": 1,
      "change_message": "[{\"added\": {}}]"
    }
  },
  {
    "model": "admin.logentry",
    "pk": 68,
    "fields": {
      "action_time": "2020-08-10T18:03:23.375Z",
      "user": 1,
      "content_type": 10,
      "object_id": "15",
      "object_repr": "\u041a\u043e\u043c\u043c\u0443\u0442\u0430\u0442\u043e\u0440 MikroTik CRS109-8G-1S-2HND-IN",
      "action_flag": 1,
      "change_message": "[{\"added\": {}}]"
    }
  },
  {
    "model": "admin.logentry",
    "pk": 69,
    "fields": {
      "action_time": "2020-08-10T18:06:43.982Z",
      "user": 1,
      "content_type": 10,
      "object_id": "16",
      "object_repr": "\u0411\u0435\u0441\u043f\u0440\u043e\u0432\u043e\u0434\u043d\u043e\u0439 \u043c\u0430\u0440\u0448\u0440\u0443\u0442\u0438\u0437\u0430\u0442\u043e\u0440 Tenda N301 802.11n 300\u041c\u0431\u0438\u0442/\u0441, 2.4\u0413\u0413\u0446",
      "action_flag": 1,
      "change_message": "[{\"added\": {}}]"
    }
  },
  {
    "model": "admin.logentry",
    "pk": 70,
    "fields": {
      "action_time": "2020-08-10T18:10:39.934Z",
      "user": 1,
      "content_type": 10,
      "object_id": "17",
      "object_repr": "Bluetooth \u0433\u0430\u0440\u043d\u0438\u0442\u0443\u0440\u0430 Sennheiser PXC 550-II Wireless Black",
      "action_flag": 1,
      "change_message": "[{\"added\": {}}]"
    }
  },
  {
    "model": "admin.logentry",
    "pk": 71,
    "fields": {
      "action_time": "2020-08-10T18:12:19.171Z",
      "user": 1,
      "content_type": 10,
      "object_id": "18",
      "object_repr": "2.0 \u041a\u043e\u043b\u043e\u043d\u043a\u0438 Oklick OK-117 2*40W",
      "action_flag": 1,
      "change_message": "[{\"added\": {}}]"
    }
  },
  {
    "model": "admin.logentry",
    "pk": 72,
    "fields": {
      "action_time": "2020-08-10T18:13:25.613Z",
      "user": 1,
      "content_type": 10,
      "object_id": "19",
      "object_repr": "\u0423\u043c\u043d\u0430\u044f \u043a\u043e\u043b\u043e\u043d\u043a\u0430 \u042f\u043d\u0434\u0435\u043a\u0441.\u0421\u0442\u0430\u043d\u0446\u0438\u044f \u041c\u0438\u043d\u0438 \u0441 \u0433\u043e\u043b\u043e\u0441\u043e\u0432\u044b\u043c \u043f\u043e\u043c\u043e\u0449\u043d\u0438\u043a\u043e\u043c \u0410\u043b\u0438\u0441\u0430 Black",
      "action_flag": 1,
      "change_message": "[{\"added\": {}}]"
    }
  },
  {
    "model": "admin.logentry",
    "pk": 73,
    "fields": {
      "action_time": "2020-08-10T18:15:28.717Z",
      "user": 1,
      "content_type": 10,
      "object_id": "17",
      "object_repr": "Bluetooth \u0433\u0430\u0440\u043d\u0438\u0442\u0443\u0440\u0430 Sennheiser PXC 550-II Wireless Black",
      "action_flag": 2,
      "change_message": "[{\"changed\": {\"fields\": [\"img\"]}}]"
    }
  },
  {
    "model": "admin.logentry",
    "pk": 74,
    "fields": {
      "action_time": "2020-08-10T18:20:05.593Z",
      "user": 1,
      "content_type": 10,
      "object_id": "20",
      "object_repr": "\u0413\u0435\u043b\u044c-\u0430\u043d\u0442\u0438\u0441\u0435\u043f\u0442\u0438\u043a \u0434\u043b\u044f \u0440\u0443\u043a MANUFACTOR N308 100\u043c\u043b \u041f\u042d\u0422 \u0444\u043b\u0438\u043f-\u0442\u043e\u043f",
      "action_flag": 1,
      "change_message": "[{\"added\": {}}]"
    }
  },
  {
    "model": "admin.logentry",
    "pk": 75,
    "fields": {
      "action_time": "2020-08-10T18:21:02.899Z",
      "user": 1,
      "content_type": 10,
      "object_id": "21",
      "object_repr": "\u0414\u0435\u0437\u0438\u043d\u0444\u0438\u0446\u0438\u0440\u0443\u044e\u0449\u0435\u0435 \u0441\u0440\u0435\u0434\u0441\u0442\u0432\u043e \u0410\u043b\u043c\u0430\u0434\u0435\u0437 1 \u043b",
      "action_flag": 1,
      "change_message": "[{\"added\": {}}]"
    }
  },
  {
    "model": "admin.logentry",
    "pk": 76,
    "fields": {
      "action_time": "2020-08-10T18:24:49.067Z",
      "user": 1,
      "content_type": 10,
      "object_id": "22",
      "object_repr": "\u0420\u0435\u0441\u043f\u0438\u0440\u0430\u0442\u043e\u0440 SAS 8617 NIOSH N95 (\u043c\u0435\u0434\u0438\u0446\u0438\u043d\u0441\u043a\u0438\u0439 \u0441\u0442\u0430\u043d\u0434\u0430\u0440\u0442)",
      "action_flag": 1,
      "change_message": "[{\"added\": {}}]"
    }
  },
  {
    "model": "admin.logentry",
    "pk": 77,
    "fields": {
      "action_time": "2020-08-11T12:41:20.514Z",
      "user": 1,
      "content_type": 10,
      "object_id": "23",
      "object_repr": "LEGO Technic \u0421\u0430\u043c\u043e\u0441\u0432\u0430\u043b Volvo 6\u04456 42114",
      "action_flag": 1,
      "change_message": "[{\"added\": {}}]"
    }
  },
  {
    "model": "admin.logentry",
    "pk": 78,
    "fields": {
      "action_time": "2020-08-11T12:42:51.012Z",
      "user": 1,
      "content_type": 10,
      "object_id": "24",
      "object_repr": "\u041a\u043e\u043d\u0441\u0442\u0440\u0443\u043a\u0442\u043e\u0440 3D-\u043f\u0430\u0437\u043b Ugears - \u0420\u043e\u0434\u0441\u0442\u0435\u0440 VM-01",
      "action_flag": 1,
      "change_message": "[{\"added\": {}}]"
    }
  },
  {
    "model": "admin.logentry",
    "pk": 79,
    "fields": {
      "action_time": "2020-08-11T12:44:16.056Z",
      "user": 1,
      "content_type": 10,
      "object_id": "25",
      "object_repr": "LEGO Education 45678 \u0411\u0430\u0437\u043e\u0432\u044b\u0439 \u043d\u0430\u0431\u043e\u0440 SPIKE\u2122 Prime",
      "action_flag": 1,
      "change_message": "[{\"added\": {}}]"
    }
  },
  {
    "model": "admin.logentry",
    "pk": 80,
    "fields": {
      "action_time": "2020-08-11T13:41:42.244Z",
      "user": 1,
      "content_type": 10,
      "object_id": "26",
      "object_repr": "\u0418\u0433\u0440\u043e\u0432\u0430\u044f \u043f\u0440\u0438\u0441\u0442\u0430\u0432\u043a\u0430 Sony PlayStation 5",
      "action_flag": 1,
      "change_message": "[{\"added\": {}}]"
    }
  },
  {
    "model": "admin.logentry",
    "pk": 81,
    "fields": {
      "action_time": "2020-08-13T18:44:52.386Z",
      "user": 1,
      "content_type": 4,
      "object_id": "4",
      "object_repr": "VladimirLenin",
      "action_flag": 1,
      "change_message": "[{\"added\": {}}]"
    }
  },
  {
    "model": "admin.logentry",
    "pk": 82,
    "fields": {
      "action_time": "2020-08-13T18:47:34.371Z",
      "user": 1,
      "content_type": 8,
      "object_id": "3",
      "object_repr": "VladimirLenin",
      "action_flag": 1,
      "change_message": "[{\"added\": {}}]"
    }
  },
  {
    "model": "admin.logentry",
    "pk": 83,
    "fields": {
      "action_time": "2020-08-13T19:36:20.708Z",
      "user": 1,
      "content_type": 4,
      "object_id": "5",
      "object_repr": "sergey_brin@google.com",
      "action_flag": 1,
      "change_message": "[{\"added\": {}}]"
    }
  },
  {
    "model": "admin.logentry",
    "pk": 84,
    "fields": {
      "action_time": "2020-08-13T19:36:33.498Z",
      "user": 1,
      "content_type": 8,
      "object_id": "4",
      "object_repr": "sergey_brin@google.com",
      "action_flag": 1,
      "change_message": "[{\"added\": {}}]"
    }
  },
  {
    "model": "admin.logentry",
    "pk": 85,
    "fields": {
      "action_time": "2020-08-13T19:39:53.367Z",
      "user": 1,
      "content_type": 4,
      "object_id": "5",
      "object_repr": "sergey_brin@google.com",
      "action_flag": 2,
      "change_message": "[{\"changed\": {\"fields\": [\"first_name\", \"last_name\", \"email\"]}}]"
    }
  },
  {
    "model": "admin.logentry",
    "pk": 86,
    "fields": {
      "action_time": "2020-08-13T19:41:34.146Z",
      "user": 1,
      "content_type": 4,
      "object_id": "6",
      "object_repr": "elon_mask",
      "action_flag": 1,
      "change_message": "[{\"added\": {}}]"
    }
  },
  {
    "model": "admin.logentry",
    "pk": 87,
    "fields": {
      "action_time": "2020-08-13T19:42:05.198Z",
      "user": 1,
      "content_type": 4,
      "object_id": "6",
      "object_repr": "elon_mask",
      "action_flag": 2,
      "change_message": "[{\"changed\": {\"fields\": [\"first_name\", \"last_name\", \"email\"]}}]"
    }
  },
  {
    "model": "admin.logentry",
    "pk": 88,
    "fields": {
      "action_time": "2020-08-13T19:42:21.374Z",
      "user": 1,
      "content_type": 8,
      "object_id": "5",
      "object_repr": "elon_mask",
      "action_flag": 1,
      "change_message": "[{\"added\": {}}]"
    }
  },
  {
    "model": "admin.logentry",
    "pk": 89,
    "fields": {
      "action_time": "2020-08-13T19:51:32.263Z",
      "user": 1,
      "content_type": 13,
      "object_id": "5",
      "object_repr": "\u041e\u0431\u0437\u043e\u0440 \u0438\u0433\u0440 PlayStation 5 \u043f\u043e\u0441\u043b\u0435 \u043f\u0440\u0435\u0437\u0435\u043d\u0442\u0430\u0446\u0438\u0438 Sony",
      "action_flag": 1,
      "change_message": "[{\"added\": {}}]"
    }
  },
  {
    "model": "admin.logentry",
    "pk": 90,
    "fields": {
      "action_time": "2020-08-13T19:52:32.941Z",
      "user": 1,
      "content_type": 13,
      "object_id": "5",
      "object_repr": "\u041e\u0431\u0437\u043e\u0440 \u0438\u0433\u0440 PlayStation 5 \u043f\u043e\u0441\u043b\u0435 \u043f\u0440\u0435\u0437\u0435\u043d\u0442\u0430\u0446\u0438\u0438 Sony",
      "action_flag": 2,
      "change_message": "[{\"changed\": {\"fields\": [\"text\"]}}]"
    }
  },
  {
    "model": "admin.logentry",
    "pk": 91,
    "fields": {
      "action_time": "2020-08-13T20:03:39.852Z",
      "user": 1,
      "content_type": 10,
      "object_id": "27",
      "object_repr": "\u041d\u043e\u0443\u0442\u0431\u0443\u043a Lenovo ThinkPad X1 Yoga",
      "action_flag": 1,
      "change_message": "[{\"added\": {}}]"
    }
  },
  {
    "model": "admin.logentry",
    "pk": 92,
    "fields": {
      "action_time": "2020-08-13T20:03:45.588Z",
      "user": 1,
      "content_type": 13,
      "object_id": "6",
      "object_repr": "\u041d\u043e\u0443\u0442\u0431\u0443\u043a Lenovo ThinkPad X1 Yoga 4",
      "action_flag": 1,
      "change_message": "[{\"added\": {}}]"
    }
  }
]